timestamp,location,price,last4ccnum,date,time,hour,minute
01/06/2014 07:28,24,11.34,4795,01/06/2014,07:28,7,28
01/06/2014 07:34,10,52.22,7108,01/06/2014,07:34,7,34
01/06/2014 07:35,24,8.33,6816,01/06/2014,07:35,7,35
01/06/2014 07:36,10,16.72,9617,01/06/2014,07:36,7,36
01/06/2014 07:37,24,4.24,7384,01/06/2014,07:37,7,37
01/06/2014 07:38,24,4.17,5368,01/06/2014,07:38,7,38
01/06/2014 07:42,14,28.73,7253,01/06/2014,07:42,7,42
01/06/2014 07:43,24,9.6,4948,01/06/2014,07:43,7,43
01/06/2014 07:43,24,16.9,9683,01/06/2014,07:43,7,43
01/06/2014 07:47,10,16.53,8129,01/06/2014,07:47,7,47
01/06/2014 07:48,10,10.66,3492,01/06/2014,07:48,7,48
01/06/2014 07:49,14,8.39,5921,01/06/2014,07:49,7,49
01/06/2014 07:52,24,32.83,9405,01/06/2014,07:52,7,52
01/06/2014 07:54,10,16.88,7889,01/06/2014,07:54,7,54
01/06/2014 07:54,14,11.86,2142,01/06/2014,07:54,7,54
01/06/2014 07:54,10,32.93,2681,01/06/2014,07:54,7,54
01/06/2014 07:55,10,8.05,9551,01/06/2014,07:55,7,55
01/06/2014 07:55,24,3.67,3484,01/06/2014,07:55,7,55
01/06/2014 07:59,24,8.88,7819,01/06/2014,07:59,7,59
01/06/2014 08:00,24,4.27,5407,01/06/2014,08:00,8,0
01/06/2014 08:00,10,9.69,6691,01/06/2014,08:00,8,0
01/06/2014 08:01,10,10.07,1874,01/06/2014,08:01,8,1
01/06/2014 08:06,24,18.24,3853,01/06/2014,08:06,8,6
01/06/2014 08:06,24,15.58,4434,01/06/2014,08:06,8,6
01/06/2014 08:07,24,5.66,6901,01/06/2014,08:07,8,7
01/06/2014 08:14,14,3.2,2418,01/06/2014,08:14,8,14
01/06/2014 08:16,24,14.97,1286,01/06/2014,08:16,8,16
01/06/2014 08:16,24,11.2,8411,01/06/2014,08:16,8,16
01/06/2014 08:17,24,15.39,8202,01/06/2014,08:17,8,17
01/06/2014 08:23,26,4540.08,9220,01/06/2014,08:23,8,23
01/06/2014 09:06,13,242.21,9220,01/06/2014,09:06,9,6
01/06/2014 10:02,1,761.64,9735,01/06/2014,10:02,10,2
01/06/2014 10:18,18,2859.51,9220,01/06/2014,10:18,10,18
01/06/2014 11:33,32,2144.62,9735,01/06/2014,11:33,11,33
01/06/2014 11:57,0,3959.66,9220,01/06/2014,11:57,11,57
01/06/2014 12:00,22,51.51,7117,01/06/2014,12:00,12,0
01/06/2014 12:00,9,10.28,1415,01/06/2014,12:00,12,0
01/06/2014 12:00,9,16.09,9635,01/06/2014,12:00,12,0
01/06/2014 12:00,23,5.72,7688,01/06/2014,12:00,12,0
01/06/2014 12:00,31,11.03,6899,01/06/2014,12:00,12,0
01/06/2014 12:00,23,16.89,2540,01/06/2014,12:00,12,0
01/06/2014 12:00,9,8.54,1877,01/06/2014,12:00,12,0
01/06/2014 12:00,23,4.35,8332,01/06/2014,12:00,12,0
01/06/2014 12:00,9,5.24,1321,01/06/2014,12:00,12,0
01/06/2014 12:00,9,4.27,6895,01/06/2014,12:00,12,0
01/06/2014 12:00,31,18.59,9241,01/06/2014,12:00,12,0
01/06/2014 12:00,31,27.84,8156,01/06/2014,12:00,12,0
01/06/2014 12:00,31,18.1,2463,01/06/2014,12:00,12,0
01/06/2014 12:16,26,1873.79,8642,01/06/2014,12:16,12,16
01/06/2014 12:56,11,13.68,8332,01/06/2014,12:56,12,56
01/06/2014 12:57,33,9.16,8156,01/06/2014,12:57,12,57
01/06/2014 13:18,19,106.93,2418,01/06/2014,13:18,13,18
01/06/2014 13:19,21,12.74,7253,01/06/2014,13:19,13,19
01/06/2014 13:19,27,70.1,3484,01/06/2014,13:19,13,19
01/06/2014 13:20,33,34.03,6691,01/06/2014,13:20,13,20
01/06/2014 13:21,33,28.23,9551,01/06/2014,13:21,13,21
01/06/2014 13:22,7,38.9,2540,01/06/2014,13:22,13,22
01/06/2014 13:23,33,13.26,4795,01/06/2014,13:23,13,23
01/06/2014 13:24,15,15.44,1415,01/06/2014,13:24,13,24
01/06/2014 13:27,19,30.08,7688,01/06/2014,13:27,13,27
01/06/2014 13:27,19,50.14,1286,01/06/2014,13:27,13,27
01/06/2014 13:28,11,33.54,8411,01/06/2014,13:28,13,28
01/06/2014 13:28,27,8.64,5407,01/06/2014,13:28,13,28
01/06/2014 13:30,15,16.92,7384,01/06/2014,13:30,13,30
01/06/2014 13:35,33,36.54,2681,01/06/2014,13:35,13,35
01/06/2014 13:35,19,92.05,7354,01/06/2014,13:35,13,35
01/06/2014 13:37,7,20.56,6816,01/06/2014,13:37,13,37
01/06/2014 13:39,15,11.22,1310,01/06/2014,13:39,13,39
01/06/2014 13:41,21,22.64,7889,01/06/2014,13:41,13,41
01/06/2014 13:42,7,20.4,6895,01/06/2014,13:42,13,42
01/06/2014 13:46,15,30.82,9635,01/06/2014,13:46,13,46
01/06/2014 13:46,11,18.56,6899,01/06/2014,13:46,13,46
01/06/2014 13:46,15,99.67,2463,01/06/2014,13:46,13,46
01/06/2014 13:47,27,22.13,1321,01/06/2014,13:47,13,47
01/06/2014 13:48,7,20.74,5368,01/06/2014,13:48,13,48
01/06/2014 13:48,7,30.87,5921,01/06/2014,13:48,13,48
01/06/2014 13:50,11,13.59,1874,01/06/2014,13:50,13,50
01/06/2014 13:50,11,32.64,9617,01/06/2014,13:50,13,50
01/06/2014 13:52,27,22.31,4434,01/06/2014,13:52,13,52
01/06/2014 13:52,21,36.33,3492,01/06/2014,13:52,13,52
01/06/2014 13:53,11,36.95,2142,01/06/2014,13:53,13,53
01/06/2014 13:54,19,23.15,9405,01/06/2014,13:54,13,54
01/06/2014 13:57,33,8.64,1877,01/06/2014,13:57,13,57
01/06/2014 13:58,33,38.25,8202,01/06/2014,13:58,13,58
01/06/2014 13:59,11,39.41,3853,01/06/2014,13:59,13,59
01/06/2014 14:00,27,13.08,7117,01/06/2014,14:00,14,0
01/06/2014 14:00,21,23.41,7819,01/06/2014,14:00,14,0
01/06/2014 14:04,33,30.88,4948,01/06/2014,14:04,14,4
01/06/2014 14:05,19,78.11,7108,01/06/2014,14:05,14,5
01/06/2014 14:15,27,27.4,8129,01/06/2014,14:15,14,15
01/06/2014 14:17,11,19.65,6901,01/06/2014,14:17,14,17
01/06/2014 15:14,26,777.06,9220,01/06/2014,15:14,15,14
01/06/2014 15:39,26,612.47,8642,01/06/2014,15:39,15,39
01/06/2014 17:28,16,59.51,3484,01/06/2014,17:28,17,28
01/06/2014 18:56,11,78.65,8411,01/06/2014,18:56,18,56
01/06/2014 19:08,11,26.46,8129,01/06/2014,19:08,19,8
01/06/2014 19:18,15,39.29,7384,01/06/2014,19:18,19,18
01/06/2014 19:50,28,273.87,9241,01/06/2014,19:50,19,50
01/06/2014 20:07,11,23.63,7253,01/06/2014,20:07,20,7
01/06/2014 20:08,11,12.32,1874,01/06/2014,20:08,20,8
01/06/2014 20:09,15,11.94,6901,01/06/2014,20:09,20,9
01/06/2014 20:12,28,80.85,8202,01/06/2014,20:12,20,12
01/06/2014 20:13,15,22.57,3484,01/06/2014,20:13,20,13
01/06/2014 20:15,15,117.82,6816,01/06/2014,20:15,20,15
01/06/2014 20:15,28,175.87,5368,01/06/2014,20:15,20,15
01/06/2014 20:19,11,21.66,2418,01/06/2014,20:19,20,19
01/06/2014 20:20,33,35.34,1321,01/06/2014,20:20,20,20
01/06/2014 20:24,15,28.94,7819,01/06/2014,20:24,20,24
01/06/2014 20:26,8,276.9,9551,01/06/2014,20:26,20,26
01/06/2014 20:28,15,95.29,7108,01/06/2014,20:28,20,28
01/06/2014 20:29,33,85.5,6895,01/06/2014,20:29,20,29
01/06/2014 20:29,11,17.92,9405,01/06/2014,20:29,20,29
01/06/2014 20:30,11,28.0,6691,01/06/2014,20:30,20,30
01/06/2014 20:33,11,15.52,5921,01/06/2014,20:33,20,33
01/06/2014 20:36,33,26.8,1877,01/06/2014,20:36,20,36
01/06/2014 20:46,33,24.41,7117,01/06/2014,20:46,20,46
01/06/2014 20:46,33,21.33,1415,01/06/2014,20:46,20,46
01/06/2014 20:47,28,149.3,5407,01/06/2014,20:47,20,47
01/06/2014 20:49,6,293.67,7354,01/06/2014,20:49,20,49
01/06/2014 20:52,33,17.27,7688,01/06/2014,20:52,20,52
01/06/2014 20:59,11,26.1,3492,01/06/2014,20:59,20,59
01/06/2014 21:03,11,10.72,9617,01/06/2014,21:03,21,3
01/06/2014 21:03,8,121.76,4434,01/06/2014,21:03,21,3
01/06/2014 21:11,33,28.14,8156,01/06/2014,21:11,21,11
01/06/2014 21:12,11,26.51,4948,01/06/2014,21:12,21,12
01/06/2014 21:23,28,197.32,2142,01/06/2014,21:23,21,23
01/06/2014 21:32,28,314.98,1310,01/06/2014,21:32,21,32
01/06/2014 21:52,33,20.61,8332,01/06/2014,21:52,21,52
01/07/2014 07:27,24,5.08,7384,01/07/2014,07:27,7,27
01/07/2014 07:31,24,12.74,5368,01/07/2014,07:31,7,31
01/07/2014 07:33,24,7.09,4795,01/07/2014,07:33,7,33
01/07/2014 07:35,10,14.05,7889,01/07/2014,07:35,7,35
01/07/2014 07:37,10,8.91,8129,01/07/2014,07:37,7,37
01/07/2014 07:41,10,19.59,1874,01/07/2014,07:41,7,41
01/07/2014 07:45,24,19.6,6816,01/07/2014,07:45,7,45
01/07/2014 07:46,10,84.44,9551,01/07/2014,07:46,7,46
01/07/2014 07:46,14,9.1,5921,01/07/2014,07:46,7,46
01/07/2014 07:47,10,7.88,1310,01/07/2014,07:47,7,47
01/07/2014 07:48,10,18.97,7108,01/07/2014,07:48,7,48
01/07/2014 07:49,14,27.66,7253,01/07/2014,07:49,7,49
01/07/2014 07:50,24,4.39,5407,01/07/2014,07:50,7,50
01/07/2014 07:50,10,9.61,3492,01/07/2014,07:50,7,50
01/07/2014 07:52,24,3.0,4434,01/07/2014,07:52,7,52
01/07/2014 07:54,24,11.92,1286,01/07/2014,07:54,7,54
01/07/2014 07:55,24,69.06,3484,01/07/2014,07:55,7,55
01/07/2014 07:56,24,98.53,9683,01/07/2014,07:56,7,56
01/07/2014 07:57,10,10.33,6691,01/07/2014,07:57,7,57
01/07/2014 07:58,24,17.4,8202,01/07/2014,07:58,7,58
01/07/2014 08:00,24,11.91,4948,01/07/2014,08:00,8,0
01/07/2014 08:00,14,11.55,2142,01/07/2014,08:00,8,0
01/07/2014 08:01,14,52.44,2418,01/07/2014,08:01,8,1
01/07/2014 08:01,10,9.92,9617,01/07/2014,08:01,8,1
01/07/2014 08:01,10,68.42,2681,01/07/2014,08:01,8,1
01/07/2014 08:02,24,14.49,9405,01/07/2014,08:02,8,2
01/07/2014 08:06,24,3.03,7819,01/07/2014,08:06,8,6
01/07/2014 08:09,24,15.66,8411,01/07/2014,08:09,8,9
01/07/2014 08:18,24,47.74,6901,01/07/2014,08:18,8,18
01/07/2014 09:17,26,3840.37,3506,01/07/2014,09:17,9,17
01/07/2014 10:05,32,1200.9,3506,01/07/2014,10:05,10,5
01/07/2014 10:11,1,1347.36,9735,01/07/2014,10:11,10,11
01/07/2014 11:31,32,1843.33,9735,01/07/2014,11:31,11,31
01/07/2014 11:39,1,1562.66,7792,01/07/2014,11:39,11,39
01/07/2014 12:00,22,16.63,7117,01/07/2014,12:00,12,0
01/07/2014 12:00,9,51.25,1415,01/07/2014,12:00,12,0
01/07/2014 12:00,23,12.17,7688,01/07/2014,12:00,12,0
01/07/2014 12:00,31,23.68,6899,01/07/2014,12:00,12,0
01/07/2014 12:00,23,64.84,3853,01/07/2014,12:00,12,0
01/07/2014 12:00,23,71.59,2540,01/07/2014,12:00,12,0
01/07/2014 12:00,9,53.89,1877,01/07/2014,12:00,12,0
01/07/2014 12:00,23,6.72,8332,01/07/2014,12:00,12,0
01/07/2014 12:00,9,8.03,1321,01/07/2014,12:00,12,0
01/07/2014 12:00,9,46.25,6895,01/07/2014,12:00,12,0
01/07/2014 12:00,31,18.77,9241,01/07/2014,12:00,12,0
01/07/2014 12:00,31,19.61,8156,01/07/2014,12:00,12,0
01/07/2014 12:00,31,69.84,2463,01/07/2014,12:00,12,0
01/07/2014 12:02,1,1071.04,3506,01/07/2014,12:02,12,2
01/07/2014 12:29,26,124.89,8642,01/07/2014,12:29,12,29
01/07/2014 13:08,11,59.07,7792,01/07/2014,13:08,13,8
01/07/2014 13:13,15,29.57,8156,01/07/2014,13:13,13,13
01/07/2014 13:20,19,13.52,1415,01/07/2014,13:20,13,20
01/07/2014 13:20,21,35.06,8332,01/07/2014,13:20,13,20
01/07/2014 13:20,15,38.56,7354,01/07/2014,13:20,13,20
01/07/2014 13:24,27,45.05,1286,01/07/2014,13:24,13,24
01/07/2014 13:24,27,11.64,5407,01/07/2014,13:24,13,24
01/07/2014 13:25,19,82.25,6899,01/07/2014,13:25,13,25
01/07/2014 13:29,7,29.1,2142,01/07/2014,13:29,13,29
01/07/2014 13:30,21,51.64,1310,01/07/2014,13:30,13,30
01/07/2014 13:32,7,28.37,4948,01/07/2014,13:32,13,32
01/07/2014 13:33,19,52.72,7688,01/07/2014,13:33,13,33
01/07/2014 13:33,21,34.04,7253,01/07/2014,13:33,13,33
01/07/2014 13:33,11,22.27,7889,01/07/2014,13:33,13,33
01/07/2014 13:33,15,11.31,6816,01/07/2014,13:33,13,33
01/07/2014 13:33,27,18.06,4795,01/07/2014,13:33,13,33
01/07/2014 13:34,7,64.84,6895,01/07/2014,13:34,13,34
01/07/2014 13:35,21,8.98,2463,01/07/2014,13:35,13,35
01/07/2014 13:37,21,21.52,9551,01/07/2014,13:37,13,37
01/07/2014 13:39,21,17.21,9405,01/07/2014,13:39,13,39
01/07/2014 13:41,11,51.41,3484,01/07/2014,13:41,13,41
01/07/2014 13:41,19,17.81,9683,01/07/2014,13:41,13,41
01/07/2014 13:42,7,97.71,5368,01/07/2014,13:42,13,42
01/07/2014 13:44,19,32.4,2418,01/07/2014,13:44,13,44
01/07/2014 13:45,27,22.83,1877,01/07/2014,13:45,13,45
01/07/2014 13:46,15,10.11,9635,01/07/2014,13:46,13,46
01/07/2014 13:46,27,22.14,7108,01/07/2014,13:46,13,46
01/07/2014 13:49,21,36.5,2681,01/07/2014,13:49,13,49
01/07/2014 13:50,7,21.85,8411,01/07/2014,13:50,13,50
01/07/2014 13:52,21,71.77,1874,01/07/2014,13:52,13,52
01/07/2014 13:53,33,51.69,3853,01/07/2014,13:53,13,53
01/07/2014 13:54,21,88.97,5921,01/07/2014,13:54,13,54
01/07/2014 13:55,19,65.9,7819,01/07/2014,13:55,13,55
01/07/2014 13:56,7,16.2,1321,01/07/2014,13:56,13,56
01/07/2014 13:57,11,37.44,8202,01/07/2014,13:57,13,57
01/07/2014 13:57,21,15.4,6691,01/07/2014,13:57,13,57
01/07/2014 14:00,33,76.11,3492,01/07/2014,14:00,14,0
01/07/2014 14:07,11,10.9,4434,01/07/2014,14:07,14,7
01/07/2014 14:09,15,12.57,9617,01/07/2014,14:09,14,9
01/07/2014 14:09,7,59.51,6901,01/07/2014,14:09,14,9
01/07/2014 14:11,33,37.57,8129,01/07/2014,14:11,14,11
01/07/2014 14:16,17,2149.28,2276,01/07/2014,14:16,14,16
01/07/2014 14:19,13,3920.82,4530,01/07/2014,14:19,14,19
01/07/2014 14:34,0,4803.13,7792,01/07/2014,14:34,14,34
01/07/2014 15:03,32,962.2,2276,01/07/2014,15:03,15,3
01/07/2014 15:20,18,3207.31,4530,01/07/2014,15:20,15,20
01/07/2014 15:41,26,3411.29,8642,01/07/2014,15:41,15,41
01/07/2014 16:24,1,889.58,2276,01/07/2014,16:24,16,24
01/07/2014 19:45,15,14.87,7819,01/07/2014,19:45,19,45
01/07/2014 19:48,15,31.23,3484,01/07/2014,19:48,19,48
01/07/2014 20:01,33,20.17,1877,01/07/2014,20:01,20,1
01/07/2014 20:02,33,11.56,1415,01/07/2014,20:02,20,2
01/07/2014 20:04,8,308.36,6895,01/07/2014,20:04,20,4
01/07/2014 20:09,11,19.49,7253,01/07/2014,20:09,20,9
01/07/2014 20:10,8,78.91,7117,01/07/2014,20:10,20,10
01/07/2014 20:10,15,42.25,7384,01/07/2014,20:10,20,10
01/07/2014 20:10,15,26.82,4795,01/07/2014,20:10,20,10
01/07/2014 20:11,11,10.07,2142,01/07/2014,20:11,20,11
01/07/2014 20:11,15,76.71,9683,01/07/2014,20:11,20,11
01/07/2014 20:12,11,55.63,1874,01/07/2014,20:12,20,12
01/07/2014 20:13,11,94.75,7889,01/07/2014,20:13,20,13
01/07/2014 20:13,11,65.02,8202,01/07/2014,20:13,20,13
01/07/2014 20:14,15,62.33,3853,01/07/2014,20:14,20,14
01/07/2014 20:15,7,11.41,9241,01/07/2014,20:15,20,15
01/07/2014 20:18,11,31.6,8411,01/07/2014,20:18,20,18
01/07/2014 20:19,15,89.76,7354,01/07/2014,20:19,20,19
01/07/2014 20:20,28,312.73,6901,01/07/2014,20:20,20,20
01/07/2014 20:32,11,19.53,5921,01/07/2014,20:32,20,32
01/07/2014 20:33,11,17.26,9617,01/07/2014,20:33,20,33
01/07/2014 20:33,11,25.54,6691,01/07/2014,20:33,20,33
01/07/2014 20:34,33,70.19,1321,01/07/2014,20:34,20,34
01/07/2014 20:34,15,23.12,5368,01/07/2014,20:34,20,34
01/07/2014 20:47,11,32.83,3492,01/07/2014,20:47,20,47
01/07/2014 20:49,7,20.53,2681,01/07/2014,20:49,20,49
01/07/2014 20:51,33,32.99,8156,01/07/2014,20:51,20,51
01/07/2014 21:01,11,33.29,9405,01/07/2014,21:01,21,1
01/07/2014 21:03,33,21.2,2540,01/07/2014,21:03,21,3
01/07/2014 21:17,33,37.88,2463,01/07/2014,21:17,21,17
01/07/2014 21:19,11,18.35,1310,01/07/2014,21:19,21,19
01/07/2014 21:21,33,35.85,7688,01/07/2014,21:21,21,21
01/07/2014 21:51,33,22.18,8332,01/07/2014,21:51,21,51
01/08/2014 07:31,24,15.66,7354,01/08/2014,07:31,7,31
01/08/2014 07:39,10,12.19,7108,01/08/2014,07:39,7,39
01/08/2014 07:39,10,8.15,1874,01/08/2014,07:39,7,39
01/08/2014 07:39,10,8.28,1310,01/08/2014,07:39,7,39
01/08/2014 07:40,10,5.85,8129,01/08/2014,07:40,7,40
01/08/2014 07:42,24,3.09,4948,01/08/2014,07:42,7,42
01/08/2014 07:43,10,3.4,9617,01/08/2014,07:43,7,43
01/08/2014 07:47,10,3.11,3492,01/08/2014,07:47,7,47
01/08/2014 07:48,24,32.92,3853,01/08/2014,07:48,7,48
01/08/2014 07:48,24,8.27,6816,01/08/2014,07:48,7,48
01/08/2014 07:48,24,19.17,9683,01/08/2014,07:48,7,48
01/08/2014 07:50,24,33.68,9405,01/08/2014,07:50,7,50
01/08/2014 07:50,10,3.9,2681,01/08/2014,07:50,7,50
01/08/2014 07:51,14,6.59,7253,01/08/2014,07:51,7,51
01/08/2014 07:52,14,12.26,5921,01/08/2014,07:52,7,52
01/08/2014 07:55,10,79.92,7889,01/08/2014,07:55,7,55
01/08/2014 07:55,24,91.87,3484,01/08/2014,07:55,7,55
01/08/2014 07:56,10,12.86,9551,01/08/2014,07:56,7,56
01/08/2014 07:57,24,74.88,5368,01/08/2014,07:57,7,57
01/08/2014 07:57,10,11.63,6691,01/08/2014,07:57,7,57
01/08/2014 07:58,24,8.4,5407,01/08/2014,07:58,7,58
01/08/2014 07:59,14,15.71,2142,01/08/2014,07:59,7,59
01/08/2014 08:00,24,32.3,4795,01/08/2014,08:00,8,0
01/08/2014 08:01,24,3.92,8202,01/08/2014,08:01,8,1
01/08/2014 08:01,24,17.13,7819,01/08/2014,08:01,8,1
01/08/2014 08:01,24,3.42,7384,01/08/2014,08:01,8,1
01/08/2014 08:03,24,10.15,6901,01/08/2014,08:03,8,3
01/08/2014 08:09,24,11.48,8411,01/08/2014,08:09,8,9
01/08/2014 08:16,24,7.26,1286,01/08/2014,08:16,8,16
01/08/2014 08:18,24,6.3,4434,01/08/2014,08:18,8,18
01/08/2014 08:22,14,16.17,2418,01/08/2014,08:22,8,22
01/08/2014 09:43,0,3048.31,7792,01/08/2014,09:43,9,43
01/08/2014 09:54,1,4513.16,9152,01/08/2014,09:54,9,54
01/08/2014 10:14,1,3674.32,9735,01/08/2014,10:14,10,14
01/08/2014 11:28,32,1738.26,9152,01/08/2014,11:28,11,28
01/08/2014 11:58,32,1673.77,9735,01/08/2014,11:58,11,58
01/08/2014 12:00,22,13.13,7117,01/08/2014,12:00,12,0
01/08/2014 12:00,9,17.45,1415,01/08/2014,12:00,12,0
01/08/2014 12:00,9,12.07,9635,01/08/2014,12:00,12,0
01/08/2014 12:00,23,11.73,7688,01/08/2014,12:00,12,0
01/08/2014 12:00,31,3.96,6899,01/08/2014,12:00,12,0
01/08/2014 12:00,23,12.32,2540,01/08/2014,12:00,12,0
01/08/2014 12:00,9,8.06,1877,01/08/2014,12:00,12,0
01/08/2014 12:00,23,15.03,8332,01/08/2014,12:00,12,0
01/08/2014 12:00,9,94.96,1321,01/08/2014,12:00,12,0
01/08/2014 12:00,31,18.78,9241,01/08/2014,12:00,12,0
01/08/2014 12:00,31,12.37,8156,01/08/2014,12:00,12,0
01/08/2014 12:00,31,31.25,2463,01/08/2014,12:00,12,0
01/08/2014 12:29,5,65.34,3853,01/08/2014,12:29,12,29
01/08/2014 12:45,26,2723.18,8642,01/08/2014,12:45,12,45
01/08/2014 12:56,20,107.51,2540,01/08/2014,12:56,12,56
01/08/2014 13:03,0,4983.52,4530,01/08/2014,13:03,13,3
01/08/2014 13:10,19,22.13,5407,01/08/2014,13:10,13,10
01/08/2014 13:12,33,26.55,8332,01/08/2014,13:12,13,12
01/08/2014 13:15,33,9.03,4795,01/08/2014,13:15,13,15
01/08/2014 13:19,11,29.26,7792,01/08/2014,13:19,13,19
01/08/2014 13:19,20,111.89,9683,01/08/2014,13:19,13,19
01/08/2014 13:21,7,109.73,8156,01/08/2014,13:21,13,21
01/08/2014 13:23,19,36.85,2463,01/08/2014,13:23,13,23
01/08/2014 13:26,33,16.59,7253,01/08/2014,13:26,13,26
01/08/2014 13:27,21,32.79,8411,01/08/2014,13:27,13,27
01/08/2014 13:28,11,8.53,6899,01/08/2014,13:28,13,28
01/08/2014 13:28,21,20.72,9405,01/08/2014,13:28,13,28
01/08/2014 13:29,27,24.08,5921,01/08/2014,13:29,13,29
01/08/2014 13:31,33,37.89,1321,01/08/2014,13:31,13,31
01/08/2014 13:32,15,30.12,7384,01/08/2014,13:32,13,32
01/08/2014 13:34,19,14.41,1415,01/08/2014,13:34,13,34
01/08/2014 13:34,11,88.98,1310,01/08/2014,13:34,13,34
01/08/2014 13:38,21,50.36,1286,01/08/2014,13:38,13,38
01/08/2014 13:39,21,119.75,3484,01/08/2014,13:39,13,39
01/08/2014 13:40,15,77.9,3853,01/08/2014,13:40,13,40
01/08/2014 13:41,11,26.45,2142,01/08/2014,13:41,13,41
01/08/2014 13:42,21,35.29,7889,01/08/2014,13:42,13,42
01/08/2014 13:42,27,22.49,8202,01/08/2014,13:42,13,42
01/08/2014 13:42,11,57.04,6895,01/08/2014,13:42,13,42
01/08/2014 13:43,33,39.8,9551,01/08/2014,13:43,13,43
01/08/2014 13:44,27,31.96,7354,01/08/2014,13:44,13,44
01/08/2014 13:45,27,23.82,3492,01/08/2014,13:45,13,45
01/08/2014 13:46,19,28.25,2681,01/08/2014,13:46,13,46
01/08/2014 13:47,11,27.05,1877,01/08/2014,13:47,13,47
01/08/2014 13:47,21,22.27,2418,01/08/2014,13:47,13,47
01/08/2014 13:47,7,104.92,5368,01/08/2014,13:47,13,47
01/08/2014 13:48,33,28.79,9635,01/08/2014,13:48,13,48
01/08/2014 13:48,21,116.72,7819,01/08/2014,13:48,13,48
01/08/2014 13:51,15,15.86,1874,01/08/2014,13:51,13,51
01/08/2014 13:51,19,30.85,6901,01/08/2014,13:51,13,51
01/08/2014 13:52,27,14.77,6816,01/08/2014,13:52,13,52
01/08/2014 13:53,19,16.2,9617,01/08/2014,13:53,13,53
01/08/2014 13:57,15,10.34,4434,01/08/2014,13:57,13,57
01/08/2014 14:06,11,22.94,7108,01/08/2014,14:06,14,6
01/08/2014 14:09,13,3615.61,4530,01/08/2014,14:09,14,9
01/08/2014 14:15,27,34.98,7117,01/08/2014,14:15,14,15
01/08/2014 14:17,21,39.94,4948,01/08/2014,14:17,14,17
01/08/2014 14:19,27,31.43,8129,01/08/2014,14:19,14,19
01/08/2014 14:26,0,4901.88,7792,01/08/2014,14:26,14,26
01/08/2014 15:18,18,3136.01,4530,01/08/2014,15:18,15,18
01/08/2014 15:29,26,2769.12,8642,01/08/2014,15:29,15,29
01/08/2014 19:21,33,10.52,1415,01/08/2014,19:21,19,21
01/08/2014 19:28,33,16.54,2540,01/08/2014,19:28,19,28
01/08/2014 19:32,11,34.25,5407,01/08/2014,19:32,19,32
01/08/2014 19:36,15,15.69,7354,01/08/2014,19:36,19,36
01/08/2014 19:48,15,30.48,4434,01/08/2014,19:48,19,48
01/08/2014 20:00,11,13.83,8411,01/08/2014,20:00,20,0
01/08/2014 20:02,33,32.66,6895,01/08/2014,20:02,20,2
01/08/2014 20:07,15,28.81,7384,01/08/2014,20:07,20,7
01/08/2014 20:07,28,214.07,2418,01/08/2014,20:07,20,7
01/08/2014 20:08,15,33.02,5368,01/08/2014,20:08,20,8
01/08/2014 20:08,11,31.59,1310,01/08/2014,20:08,20,8
01/08/2014 20:12,7,62.2,1286,01/08/2014,20:12,20,12
01/08/2014 20:15,15,99.08,3484,01/08/2014,20:15,20,15
01/08/2014 20:17,28,182.56,3853,01/08/2014,20:17,20,17
01/08/2014 20:17,15,18.24,9683,01/08/2014,20:17,20,17
01/08/2014 20:27,11,33.31,2142,01/08/2014,20:27,20,27
01/08/2014 20:28,33,96.75,7117,01/08/2014,20:28,20,28
01/08/2014 20:28,28,268.89,6691,01/08/2014,20:28,20,28
01/08/2014 20:31,11,36.6,7889,01/08/2014,20:31,20,31
01/08/2014 20:35,11,16.93,8202,01/08/2014,20:35,20,35
01/08/2014 20:42,11,92.83,5921,01/08/2014,20:42,20,42
01/08/2014 20:45,8,136.01,9635,01/08/2014,20:45,20,45
01/08/2014 20:49,33,15.64,8332,01/08/2014,20:49,20,49
01/08/2014 20:53,33,26.31,7688,01/08/2014,20:53,20,53
01/08/2014 20:57,15,10.28,6901,01/08/2014,20:57,20,57
01/08/2014 20:58,15,22.91,7819,01/08/2014,20:58,20,58
01/08/2014 21:00,3,265.84,7108,01/08/2014,21:00,21,0
01/08/2014 21:02,11,28.86,4948,01/08/2014,21:02,21,2
01/08/2014 21:09,11,27.87,1874,01/08/2014,21:09,21,9
01/08/2014 21:16,7,30.81,9551,01/08/2014,21:16,21,16
01/08/2014 21:17,7,29.85,6899,01/08/2014,21:17,21,17
01/08/2014 21:32,33,78.99,2463,01/08/2014,21:32,21,32
01/09/2014 07:35,14,12.47,7253,01/09/2014,07:35,7,35
01/09/2014 07:36,24,70.71,9683,01/09/2014,07:36,7,36
01/09/2014 07:37,10,17.56,1310,01/09/2014,07:37,7,37
01/09/2014 07:37,14,19.99,5921,01/09/2014,07:37,7,37
01/09/2014 07:42,10,56.77,7108,01/09/2014,07:42,7,42
01/09/2014 07:43,24,5.43,5368,01/09/2014,07:43,7,43
01/09/2014 07:46,10,75.24,8129,01/09/2014,07:46,7,46
01/09/2014 07:46,24,4.4,4948,01/09/2014,07:46,7,46
01/09/2014 07:48,24,5.3,7384,01/09/2014,07:48,7,48
01/09/2014 07:48,24,34.85,7354,01/09/2014,07:48,7,48
01/09/2014 07:48,24,5.13,4795,01/09/2014,07:48,7,48
01/09/2014 07:50,10,34.45,9551,01/09/2014,07:50,7,50
01/09/2014 07:51,10,19.22,7889,01/09/2014,07:51,7,51
01/09/2014 07:56,24,98.25,8202,01/09/2014,07:56,7,56
01/09/2014 07:57,10,18.48,9617,01/09/2014,07:57,7,57
01/09/2014 07:57,24,5.26,8411,01/09/2014,07:57,7,57
01/09/2014 07:57,10,50.25,9405,01/09/2014,07:57,7,57
01/09/2014 07:58,24,19.47,6901,01/09/2014,07:58,7,58
01/09/2014 08:00,24,6.61,7819,01/09/2014,08:00,8,0
01/09/2014 08:00,24,6.21,4434,01/09/2014,08:00,8,0
01/09/2014 08:01,24,92.12,3484,01/09/2014,08:01,8,1
01/09/2014 08:03,14,16.13,2142,01/09/2014,08:03,8,3
01/09/2014 08:07,10,65.68,3492,01/09/2014,08:07,8,7
01/09/2014 08:14,24,17.64,1286,01/09/2014,08:14,8,14
01/09/2014 08:15,24,5.57,5407,01/09/2014,08:15,8,15
01/09/2014 08:15,10,15.33,2681,01/09/2014,08:15,8,15
01/09/2014 09:26,26,2358.22,3506,01/09/2014,09:26,9,26
01/09/2014 09:54,0,529.47,7792,01/09/2014,09:54,9,54
01/09/2014 10:16,1,674.28,9735,01/09/2014,10:16,10,16
01/09/2014 10:38,32,1015.65,3506,01/09/2014,10:38,10,38
01/09/2014 11:21,0,732.82,4530,01/09/2014,11:21,11,21
01/09/2014 11:34,1,289.3,7792,01/09/2014,11:34,11,34
01/09/2014 11:37,32,3544.0,9735,01/09/2014,11:37,11,37
01/09/2014 12:00,22,5.01,7117,01/09/2014,12:00,12,0
01/09/2014 12:00,9,13.0,1415,01/09/2014,12:00,12,0
01/09/2014 12:00,23,11.76,7688,01/09/2014,12:00,12,0
01/09/2014 12:00,31,10.11,6899,01/09/2014,12:00,12,0
01/09/2014 12:00,31,6.0,3853,01/09/2014,12:00,12,0
01/09/2014 12:00,23,13.16,2540,01/09/2014,12:00,12,0
01/09/2014 12:00,9,4.06,1877,01/09/2014,12:00,12,0
01/09/2014 12:00,23,17.66,8332,01/09/2014,12:00,12,0
01/09/2014 12:00,9,15.53,1321,01/09/2014,12:00,12,0
01/09/2014 12:00,31,12.13,9241,01/09/2014,12:00,12,0
01/09/2014 12:00,31,15.55,8156,01/09/2014,12:00,12,0
01/09/2014 12:00,31,37.43,2463,01/09/2014,12:00,12,0
01/09/2014 12:13,26,202.93,8642,01/09/2014,12:13,12,13
01/09/2014 12:49,1,1440.39,3506,01/09/2014,12:49,12,49
01/09/2014 12:59,7,31.03,8332,01/09/2014,12:59,12,59
01/09/2014 13:03,11,17.02,7253,01/09/2014,13:03,13,3
01/09/2014 13:12,21,19.2,5407,01/09/2014,13:12,13,12
01/09/2014 13:18,26,4792.5,2276,01/09/2014,13:18,13,18
01/09/2014 13:21,7,26.09,7688,01/09/2014,13:21,13,21
01/09/2014 13:21,21,23.45,4795,01/09/2014,13:21,13,21
01/09/2014 13:21,15,105.4,7354,01/09/2014,13:21,13,21
01/09/2014 13:23,21,8.6,6899,01/09/2014,13:23,13,23
01/09/2014 13:23,21,56.74,2540,01/09/2014,13:23,13,23
01/09/2014 13:23,7,22.4,6816,01/09/2014,13:23,13,23
01/09/2014 13:23,11,16.98,7792,01/09/2014,13:23,13,23
01/09/2014 13:24,19,8.16,3484,01/09/2014,13:24,13,24
01/09/2014 13:27,27,110.76,6895,01/09/2014,13:27,13,27
01/09/2014 13:27,11,25.85,8156,01/09/2014,13:27,13,27
01/09/2014 13:28,15,13.59,7889,01/09/2014,13:28,13,28
01/09/2014 13:29,33,27.47,2418,01/09/2014,13:29,13,29
01/09/2014 13:32,19,8.6,2463,01/09/2014,13:32,13,32
01/09/2014 13:35,11,10.42,3853,01/09/2014,13:35,13,35
01/09/2014 13:35,21,23.23,8411,01/09/2014,13:35,13,35
01/09/2014 13:36,33,27.93,9683,01/09/2014,13:36,13,36
01/09/2014 13:37,33,9.12,1321,01/09/2014,13:37,13,37
01/09/2014 13:38,27,18.14,7384,01/09/2014,13:38,13,38
01/09/2014 13:40,19,20.73,1874,01/09/2014,13:40,13,40
01/09/2014 13:40,21,11.94,9405,01/09/2014,13:40,13,40
01/09/2014 13:41,19,89.41,9551,01/09/2014,13:41,13,41
01/09/2014 13:41,33,8.43,9635,01/09/2014,13:41,13,41
01/09/2014 13:41,33,39.22,5368,01/09/2014,13:41,13,41
01/09/2014 13:43,15,74.91,1415,01/09/2014,13:43,13,43
01/09/2014 13:44,15,15.0,9617,01/09/2014,13:44,13,44
01/09/2014 13:45,21,24.68,2681,01/09/2014,13:45,13,45
01/09/2014 13:47,19,48.39,1286,01/09/2014,13:47,13,47
01/09/2014 13:51,33,13.84,1310,01/09/2014,13:51,13,51
01/09/2014 13:53,33,16.65,2142,01/09/2014,13:53,13,53
01/09/2014 13:56,27,19.84,4948,01/09/2014,13:56,13,56
01/09/2014 13:56,33,65.7,4434,01/09/2014,13:56,13,56
01/09/2014 13:56,15,8.87,6901,01/09/2014,13:56,13,56
01/09/2014 14:03,27,35.99,6691,01/09/2014,14:03,14,3
01/09/2014 14:04,27,10.94,8129,01/09/2014,14:04,14,4
01/09/2014 14:04,7,32.89,7108,01/09/2014,14:04,14,4
01/09/2014 14:06,11,8.01,1877,01/09/2014,14:06,14,6
01/09/2014 14:09,15,27.69,8202,01/09/2014,14:09,14,9
01/09/2014 14:12,17,1158.36,2276,01/09/2014,14:12,14,12
01/09/2014 14:13,15,17.44,5921,01/09/2014,14:13,14,13
01/09/2014 14:15,19,14.37,7819,01/09/2014,14:15,14,15
01/09/2014 14:18,21,36.75,7117,01/09/2014,14:18,14,18
01/09/2014 14:26,0,382.43,7792,01/09/2014,14:26,14,26
01/09/2014 14:28,13,423.14,4530,01/09/2014,14:28,14,28
01/09/2014 15:00,32,918.6,2276,01/09/2014,15:00,15,0
01/09/2014 15:16,18,1527.14,4530,01/09/2014,15:16,15,16
01/09/2014 15:50,26,4538.52,8642,01/09/2014,15:50,15,50
01/09/2014 16:22,0,2176.2,7792,01/09/2014,16:22,16,22
01/09/2014 16:27,1,1322.5,2276,01/09/2014,16:27,16,27
01/09/2014 19:25,11,35.92,8129,01/09/2014,19:25,19,25
01/09/2014 19:30,11,26.6,5921,01/09/2014,19:30,19,30
01/09/2014 19:32,28,138.02,3484,01/09/2014,19:32,19,32
01/09/2014 19:41,15,31.81,7354,01/09/2014,19:41,19,41
01/09/2014 19:42,7,27.08,6899,01/09/2014,19:42,19,42
01/09/2014 19:43,7,31.07,9241,01/09/2014,19:43,19,43
01/09/2014 19:52,15,29.96,6816,01/09/2014,19:52,19,52
01/09/2014 20:05,33,15.02,2540,01/09/2014,20:05,20,5
01/09/2014 20:06,11,26.6,4948,01/09/2014,20:06,20,6
01/09/2014 20:08,11,19.02,3492,01/09/2014,20:08,20,8
01/09/2014 20:09,11,90.97,6691,01/09/2014,20:09,20,9
01/09/2014 20:15,33,70.68,1877,01/09/2014,20:15,20,15
01/09/2014 20:19,3,285.34,4795,01/09/2014,20:19,20,19
01/09/2014 20:20,11,91.14,9405,01/09/2014,20:20,20,20
01/09/2014 20:20,28,31.24,6901,01/09/2014,20:20,20,20
01/09/2014 20:21,8,224.52,7117,01/09/2014,20:21,20,21
01/09/2014 20:21,28,120.65,1321,01/09/2014,20:21,20,21
01/09/2014 20:22,11,29.82,8202,01/09/2014,20:22,20,22
01/09/2014 20:23,15,8.23,7889,01/09/2014,20:23,20,23
01/09/2014 20:24,15,18.26,1286,01/09/2014,20:24,20,24
01/09/2014 20:27,11,53.78,5407,01/09/2014,20:27,20,27
01/09/2014 20:29,15,23.34,7253,01/09/2014,20:29,20,29
01/09/2014 20:38,11,30.69,2418,01/09/2014,20:38,20,38
01/09/2014 20:38,15,8.23,5368,01/09/2014,20:38,20,38
01/09/2014 20:39,15,35.05,7384,01/09/2014,20:39,20,39
01/09/2014 20:41,33,9.13,2463,01/09/2014,20:41,20,41
01/09/2014 20:45,28,276.75,3853,01/09/2014,20:45,20,45
01/09/2014 21:01,33,24.96,6895,01/09/2014,21:01,21,1
01/09/2014 21:09,15,31.31,4434,01/09/2014,21:09,21,9
01/09/2014 21:12,33,23.66,8156,01/09/2014,21:12,21,12
01/09/2014 21:13,6,258.43,2681,01/09/2014,21:13,21,13
01/09/2014 21:18,11,8.57,1310,01/09/2014,21:18,21,18
01/09/2014 21:27,8,229.98,8332,01/09/2014,21:27,21,27
01/09/2014 21:38,33,10.12,9635,01/09/2014,21:38,21,38
01/10/2014 07:34,10,16.75,8129,01/10/2014,07:34,7,34
01/10/2014 07:35,24,15.85,6816,01/10/2014,07:35,7,35
01/10/2014 07:40,14,8.51,7253,01/10/2014,07:40,7,40
01/10/2014 07:41,10,12.03,1874,01/10/2014,07:41,7,41
01/10/2014 07:41,10,8.34,9617,01/10/2014,07:41,7,41
01/10/2014 07:41,10,11.49,1310,01/10/2014,07:41,7,41
01/10/2014 07:45,24,5.01,3484,01/10/2014,07:45,7,45
01/10/2014 07:45,10,11.38,3492,01/10/2014,07:45,7,45
01/10/2014 07:46,10,17.63,2681,01/10/2014,07:46,7,46
01/10/2014 07:47,24,44.88,4948,01/10/2014,07:47,7,47
01/10/2014 07:47,14,11.54,5921,01/10/2014,07:47,7,47
01/10/2014 07:48,24,13.32,9405,01/10/2014,07:48,7,48
01/10/2014 07:49,10,10.34,7889,01/10/2014,07:49,7,49
01/10/2014 07:49,24,89.93,9683,01/10/2014,07:49,7,49
01/10/2014 07:50,10,10.76,7108,01/10/2014,07:50,7,50
01/10/2014 07:51,24,12.77,5407,01/10/2014,07:51,7,51
01/10/2014 07:54,24,83.44,7384,01/10/2014,07:54,7,54
01/10/2014 07:54,14,9.69,2418,01/10/2014,07:54,7,54
01/10/2014 07:55,24,85.91,5368,01/10/2014,07:55,7,55
01/10/2014 07:56,24,97.25,4795,01/10/2014,07:56,7,56
01/10/2014 07:56,24,90.72,7354,01/10/2014,07:56,7,56
01/10/2014 07:59,26,4039.36,9614,01/10/2014,07:59,7,59
01/10/2014 08:01,24,5.89,1286,01/10/2014,08:01,8,1
01/10/2014 08:01,24,5.31,6901,01/10/2014,08:01,8,1
01/10/2014 08:06,10,9.34,6691,01/10/2014,08:06,8,6
01/10/2014 08:09,24,14.45,3853,01/10/2014,08:09,8,9
01/10/2014 08:09,24,3.03,7819,01/10/2014,08:09,8,9
01/10/2014 08:11,14,13.25,2142,01/10/2014,08:11,8,11
01/10/2014 08:17,24,8.47,8202,01/10/2014,08:17,8,17
01/10/2014 08:17,24,12.64,4434,01/10/2014,08:17,8,17
01/10/2014 08:20,24,14.36,8411,01/10/2014,08:20,8,20
01/10/2014 09:09,0,227.81,9614,01/10/2014,09:09,9,9
01/10/2014 09:30,25,203.91,7688,01/10/2014,09:30,9,30
01/10/2014 10:00,1,1552.82,9735,01/10/2014,10:00,10,0
01/10/2014 10:40,1,2302.73,9614,01/10/2014,10:40,10,40
01/10/2014 11:49,32,4074.1,9735,01/10/2014,11:49,11,49
01/10/2014 12:00,9,15.39,1415,01/10/2014,12:00,12,0
01/10/2014 12:00,9,3.92,9635,01/10/2014,12:00,12,0
01/10/2014 12:00,23,13.82,7688,01/10/2014,12:00,12,0
01/10/2014 12:00,31,15.69,6899,01/10/2014,12:00,12,0
01/10/2014 12:00,23,6.17,2540,01/10/2014,12:00,12,0
01/10/2014 12:00,9,13.41,1877,01/10/2014,12:00,12,0
01/10/2014 12:00,23,13.9,8332,01/10/2014,12:00,12,0
01/10/2014 12:00,9,18.67,1321,01/10/2014,12:00,12,0
01/10/2014 12:00,9,9.3,6895,01/10/2014,12:00,12,0
01/10/2014 12:00,31,16.29,9241,01/10/2014,12:00,12,0
01/10/2014 12:00,31,5.46,8156,01/10/2014,12:00,12,0
01/10/2014 12:00,31,8.22,2463,01/10/2014,12:00,12,0
01/10/2014 12:10,32,4195.49,9614,01/10/2014,12:10,12,10
01/10/2014 13:08,20,133.25,9683,01/10/2014,13:08,13,8
01/10/2014 13:11,20,197.41,2540,01/10/2014,13:11,13,11
01/10/2014 13:12,15,36.44,8156,01/10/2014,13:12,13,12
01/10/2014 13:16,7,30.71,9551,01/10/2014,13:16,13,16
01/10/2014 13:20,33,79.26,4795,01/10/2014,13:20,13,20
01/10/2014 13:25,15,26.76,6816,01/10/2014,13:25,13,25
01/10/2014 13:27,15,15.93,7253,01/10/2014,13:27,13,27
01/10/2014 13:29,19,113.33,6899,01/10/2014,13:29,13,29
01/10/2014 13:30,11,34.76,7688,01/10/2014,13:30,13,30
01/10/2014 13:30,27,35.69,3484,01/10/2014,13:30,13,30
01/10/2014 13:35,21,26.15,1415,01/10/2014,13:35,13,35
01/10/2014 13:35,7,35.24,3853,01/10/2014,13:35,13,35
01/10/2014 13:35,27,101.5,9241,01/10/2014,13:35,13,35
01/10/2014 13:36,19,36.73,1310,01/10/2014,13:36,13,36
01/10/2014 13:36,11,25.36,7354,01/10/2014,13:36,13,36
01/10/2014 13:38,15,26.68,7384,01/10/2014,13:38,13,38
01/10/2014 13:38,11,21.22,2418,01/10/2014,13:38,13,38
01/10/2014 13:40,33,32.01,2463,01/10/2014,13:40,13,40
01/10/2014 13:44,15,38.15,8411,01/10/2014,13:44,13,44
01/10/2014 13:44,7,20.46,9405,01/10/2014,13:44,13,44
01/10/2014 13:45,27,27.48,5407,01/10/2014,13:45,13,45
01/10/2014 13:46,19,31.34,2681,01/10/2014,13:46,13,46
01/10/2014 13:47,15,31.5,9635,01/10/2014,13:47,13,47
01/10/2014 13:47,11,25.62,6895,01/10/2014,13:47,13,47
01/10/2014 13:47,11,24.33,2142,01/10/2014,13:47,13,47
01/10/2014 13:50,7,15.25,1877,01/10/2014,13:50,13,50
01/10/2014 13:52,15,31.05,1321,01/10/2014,13:52,13,52
01/10/2014 13:53,27,24.3,4434,01/10/2014,13:53,13,53
01/10/2014 13:57,15,16.34,8129,01/10/2014,13:57,13,57
01/10/2014 13:57,7,24.74,5368,01/10/2014,13:57,13,57
01/10/2014 13:58,33,39.89,6901,01/10/2014,13:58,13,58
01/10/2014 13:59,19,8.22,1874,01/10/2014,13:59,13,59
01/10/2014 14:01,19,16.12,3492,01/10/2014,14:01,14,1
01/10/2014 14:03,19,36.38,7819,01/10/2014,14:03,14,3
01/10/2014 14:07,33,11.61,7117,01/10/2014,14:07,14,7
01/10/2014 14:07,7,30.93,9617,01/10/2014,14:07,14,7
01/10/2014 14:08,11,77.62,7108,01/10/2014,14:08,14,8
01/10/2014 14:09,19,9.32,6691,01/10/2014,14:09,14,9
01/10/2014 14:11,21,32.19,8202,01/10/2014,14:11,14,11
01/10/2014 14:20,33,10.16,4948,01/10/2014,14:20,14,20
01/10/2014 14:41,30,139.72,4795,01/10/2014,14:41,14,41
01/10/2014 16:07,30,64.51,7253,01/10/2014,16:07,16,7
01/10/2014 18:52,7,19.92,6899,01/10/2014,18:52,18,52
01/10/2014 18:57,28,98.39,7889,01/10/2014,18:57,18,57
01/10/2014 19:45,15,23.61,6816,01/10/2014,19:45,19,45
01/10/2014 19:46,33,48.22,1415,01/10/2014,19:46,19,46
01/10/2014 19:50,11,19.57,8129,01/10/2014,19:50,19,50
01/10/2014 19:54,15,27.78,4795,01/10/2014,19:54,19,54
01/10/2014 19:56,33,19.88,7117,01/10/2014,19:56,19,56
01/10/2014 19:56,11,21.89,5921,01/10/2014,19:56,19,56
01/10/2014 20:02,28,43.65,8202,01/10/2014,20:02,20,2
01/10/2014 20:08,11,15.76,9405,01/10/2014,20:08,20,8
01/10/2014 20:09,33,70.48,7688,01/10/2014,20:09,20,9
01/10/2014 20:09,11,8.14,8411,01/10/2014,20:09,20,9
01/10/2014 20:09,15,29.81,6901,01/10/2014,20:09,20,9
01/10/2014 20:11,8,126.13,6895,01/10/2014,20:11,20,11
01/10/2014 20:15,28,237.08,7384,01/10/2014,20:15,20,15
01/10/2014 20:17,6,279.53,7819,01/10/2014,20:17,20,17
01/10/2014 20:20,15,35.54,7108,01/10/2014,20:20,20,20
01/10/2014 20:23,15,37.37,3853,01/10/2014,20:23,20,23
01/10/2014 20:42,11,21.28,5407,01/10/2014,20:42,20,42
01/10/2014 20:50,33,17.21,8332,01/10/2014,20:50,20,50
01/10/2014 21:11,4,241.2,7354,01/10/2014,21:11,21,11
01/10/2014 21:13,15,25.81,5368,01/10/2014,21:13,21,13
01/10/2014 21:17,33,27.0,8156,01/10/2014,21:17,21,17
01/10/2014 21:28,3,227.28,4434,01/10/2014,21:28,21,28
01/10/2014 22:21,33,79.97,2463,01/10/2014,22:21,22,21
01/11/2014 13:19,11,45.22,8156,01/11/2014,13:19,13,19
01/11/2014 13:23,11,45.21,2418,01/11/2014,13:23,13,23
01/11/2014 13:32,11,29.1,6895,01/11/2014,13:32,13,32
01/11/2014 13:32,19,54.82,1310,01/11/2014,13:32,13,32
01/11/2014 13:33,19,89.54,2540,01/11/2014,13:33,13,33
01/11/2014 13:35,21,17.31,9617,01/11/2014,13:35,13,35
01/11/2014 13:36,33,103.38,4434,01/11/2014,13:36,13,36
01/11/2014 13:37,33,75.62,9551,01/11/2014,13:37,13,37
01/11/2014 13:37,33,82.23,6691,01/11/2014,13:37,13,37
01/11/2014 13:40,7,19.11,8129,01/11/2014,13:40,13,40
01/11/2014 13:43,11,71.65,3484,01/11/2014,13:43,13,43
01/11/2014 13:47,33,31.1,7688,01/11/2014,13:47,13,47
01/11/2014 13:50,11,23.45,1321,01/11/2014,13:50,13,50
01/11/2014 13:51,19,32.02,7253,01/11/2014,13:51,13,51
01/11/2014 13:59,21,18.74,3853,01/11/2014,13:59,13,59
01/11/2014 14:09,27,35.66,7117,01/11/2014,14:09,14,9
01/11/2014 14:16,27,39.36,7108,01/11/2014,14:16,14,16
01/11/2014 14:17,11,26.02,2142,01/11/2014,14:17,14,17
01/11/2014 14:19,19,45.2,6901,01/11/2014,14:19,14,19
01/11/2014 15:15,6,157.45,9617,01/11/2014,15:15,15,15
01/11/2014 15:20,6,238.52,2418,01/11/2014,15:20,15,20
01/11/2014 15:31,3,78.02,8129,01/11/2014,15:31,15,31
01/11/2014 16:00,4,256.24,1310,01/11/2014,16:00,16,0
01/11/2014 16:01,8,211.47,4434,01/11/2014,16:01,16,1
01/11/2014 16:09,28,52.73,7688,01/11/2014,16:09,16,9
01/11/2014 16:24,12,89.32,4795,01/11/2014,16:24,16,24
01/11/2014 17:16,12,52.14,9683,01/11/2014,17:16,17,16
01/11/2014 19:08,11,55.67,9617,01/11/2014,19:08,19,8
01/11/2014 19:17,27,23.86,7819,01/11/2014,19:17,19,17
01/11/2014 19:21,7,69.36,6899,01/11/2014,19:21,19,21
01/11/2014 19:26,33,66.21,7688,01/11/2014,19:26,19,26
01/11/2014 19:27,8,105.33,8156,01/11/2014,19:27,19,27
01/11/2014 19:27,33,32.63,9683,01/11/2014,19:27,19,27
01/11/2014 19:29,33,63.21,4795,01/11/2014,19:29,19,29
01/11/2014 19:31,11,33.18,2142,01/11/2014,19:31,19,31
01/11/2014 19:32,11,20.71,6691,01/11/2014,19:32,19,32
01/11/2014 19:33,33,11.13,1877,01/11/2014,19:33,19,33
01/11/2014 19:34,15,55.36,6816,01/11/2014,19:34,19,34
01/11/2014 19:40,11,57.36,2540,01/11/2014,19:40,19,40
01/11/2014 19:44,6,149.2,9551,01/11/2014,19:44,19,44
01/11/2014 19:45,33,63.21,8332,01/11/2014,19:45,19,45
01/11/2014 19:50,11,12.55,7889,01/11/2014,19:50,19,50
01/11/2014 19:51,11,45.68,1310,01/11/2014,19:51,19,51
01/11/2014 19:52,11,15.72,8411,01/11/2014,19:52,19,52
01/11/2014 19:53,33,67.37,9635,01/11/2014,19:53,19,53
01/11/2014 19:57,15,36.2,5368,01/11/2014,19:57,19,57
01/11/2014 20:00,11,25.76,4948,01/11/2014,20:00,20,0
01/11/2014 20:04,27,50.2,1286,01/11/2014,20:04,20,4
01/11/2014 20:04,7,16.69,2681,01/11/2014,20:04,20,4
01/11/2014 20:06,11,52.45,8202,01/11/2014,20:06,20,6
01/11/2014 20:06,15,33.65,7384,01/11/2014,20:06,20,6
01/11/2014 20:09,15,16.33,7354,01/11/2014,20:09,20,9
01/11/2014 20:13,28,211.15,5407,01/11/2014,20:13,20,13
01/11/2014 20:13,11,9.78,9405,01/11/2014,20:13,20,13
01/11/2014 20:22,28,236.25,8129,01/11/2014,20:22,20,22
01/11/2014 20:23,33,70.23,1415,01/11/2014,20:23,20,23
01/11/2014 20:24,11,94.68,2418,01/11/2014,20:24,20,24
01/11/2014 20:26,28,261.0,6901,01/11/2014,20:26,20,26
01/11/2014 20:27,33,69.8,7117,01/11/2014,20:27,20,27
01/11/2014 20:30,27,46.78,7108,01/11/2014,20:30,20,30
01/11/2014 20:46,11,57.6,1874,01/11/2014,20:46,20,46
01/12/2014 03:39,25,277.26,8156,01/12/2014,03:39,3,39
01/12/2014 13:03,7,38.55,8332,01/12/2014,13:03,13,3
01/12/2014 13:17,7,98.45,5407,01/12/2014,13:17,13,17
01/12/2014 13:25,33,12.55,2142,01/12/2014,13:25,13,25
01/12/2014 13:28,7,24.72,7819,01/12/2014,13:28,13,28
01/12/2014 13:30,7,72.32,1310,01/12/2014,13:30,13,30
01/12/2014 13:31,15,34.74,6901,01/12/2014,13:31,13,31
01/12/2014 13:32,7,117.22,8156,01/12/2014,13:32,13,32
01/12/2014 13:35,33,29.2,7117,01/12/2014,13:35,13,35
01/12/2014 13:40,21,20.09,1286,01/12/2014,13:40,13,40
01/12/2014 13:45,19,11.2,9683,01/12/2014,13:45,13,45
01/12/2014 13:45,29,129.33,2463,01/12/2014,13:45,13,45
01/12/2014 13:52,27,54.36,2540,01/12/2014,13:52,13,52
01/12/2014 13:54,33,8.54,7889,01/12/2014,13:54,13,54
01/12/2014 13:55,27,14.59,3492,01/12/2014,13:55,13,55
01/12/2014 14:04,33,12.57,1874,01/12/2014,14:04,14,4
01/12/2014 14:06,33,71.99,9551,01/12/2014,14:06,14,6
01/12/2014 14:13,29,220.77,7688,01/12/2014,14:13,14,13
01/12/2014 14:14,29,198.46,8332,01/12/2014,14:14,14,14
01/12/2014 14:16,15,30.47,8129,01/12/2014,14:16,14,16
01/12/2014 15:10,6,135.78,1310,01/12/2014,15:10,15,10
01/12/2014 15:24,6,86.22,1286,01/12/2014,15:24,15,24
01/12/2014 15:32,6,204.37,7819,01/12/2014,15:32,15,32
01/12/2014 15:46,3,159.3,7117,01/12/2014,15:46,15,46
01/12/2014 15:49,8,195.81,2142,01/12/2014,15:49,15,49
01/12/2014 16:08,6,51.5,3547,01/12/2014,16:08,16,8
01/12/2014 16:27,12,120.2,6901,01/12/2014,16:27,16,27
01/12/2014 19:18,11,12.64,7889,01/12/2014,19:18,19,18
01/12/2014 19:21,11,11.81,7253,01/12/2014,19:21,19,21
01/12/2014 19:22,33,27.15,1321,01/12/2014,19:22,19,22
01/12/2014 19:26,15,42.32,7108,01/12/2014,19:26,19,26
01/12/2014 19:26,6,211.03,7384,01/12/2014,19:26,19,26
01/12/2014 19:29,33,66.63,1415,01/12/2014,19:29,19,29
01/12/2014 19:32,15,34.41,3853,01/12/2014,19:32,19,32
01/12/2014 19:35,33,49.23,6895,01/12/2014,19:35,19,35
01/12/2014 19:36,15,12.32,7354,01/12/2014,19:36,19,36
01/12/2014 19:43,11,40.94,5407,01/12/2014,19:43,19,43
01/12/2014 19:44,33,26.79,8332,01/12/2014,19:44,19,44
01/12/2014 19:47,11,17.36,3492,01/12/2014,19:47,19,47
01/12/2014 19:50,21,36.2,1286,01/12/2014,19:50,19,50
01/12/2014 19:51,33,52.21,8156,01/12/2014,19:51,19,51
01/12/2014 19:52,28,88.93,5368,01/12/2014,19:52,19,52
01/12/2014 19:58,8,63.36,1877,01/12/2014,19:58,19,58
01/12/2014 19:59,7,55.55,6899,01/12/2014,19:59,19,59
01/12/2014 20:04,11,39.3,8129,01/12/2014,20:04,20,4
01/12/2014 20:05,33,78.21,9635,01/12/2014,20:05,20,5
01/12/2014 20:11,11,67.14,3547,01/12/2014,20:11,20,11
01/12/2014 20:12,11,15.37,9405,01/12/2014,20:12,20,12
01/12/2014 20:13,11,39.55,2142,01/12/2014,20:13,20,13
01/12/2014 20:15,33,69.41,2540,01/12/2014,20:15,20,15
01/12/2014 20:17,11,16.34,8411,01/12/2014,20:17,20,17
01/12/2014 20:35,11,40.25,4948,01/12/2014,20:35,20,35
01/12/2014 20:38,33,63.32,7688,01/12/2014,20:38,20,38
01/12/2014 20:43,28,161.96,8202,01/12/2014,20:43,20,43
01/12/2014 20:48,11,87.09,1874,01/12/2014,20:48,20,48
01/13/2014 03:00,25,147.3,5407,01/13/2014,03:00,3,0
01/13/2014 06:04,2,2.01,9551,01/13/2014,06:04,6,4
01/13/2014 07:32,10,9.16,7889,01/13/2014,07:32,7,32
01/13/2014 07:36,24,16.39,5368,01/13/2014,07:36,7,36
01/13/2014 07:38,24,8.04,7384,01/13/2014,07:38,7,38
01/13/2014 07:40,14,19.93,3547,01/13/2014,07:40,7,40
01/13/2014 07:40,24,8.0,9683,01/13/2014,07:40,7,40
01/13/2014 07:42,10,3.02,1310,01/13/2014,07:42,7,42
01/13/2014 07:43,24,24.18,6816,01/13/2014,07:43,7,43
01/13/2014 07:43,10,13.68,3492,01/13/2014,07:43,7,43
01/13/2014 07:43,24,18.71,4795,01/13/2014,07:43,7,43
01/13/2014 07:44,10,5.85,9405,01/13/2014,07:44,7,44
01/13/2014 07:53,24,19.64,7354,01/13/2014,07:53,7,53
01/13/2014 07:54,10,19.18,7108,01/13/2014,07:54,7,54
01/13/2014 07:55,14,17.49,2418,01/13/2014,07:55,7,55
01/13/2014 07:55,24,6.08,5407,01/13/2014,07:55,7,55
01/13/2014 07:56,24,9.53,4948,01/13/2014,07:56,7,56
01/13/2014 07:57,24,78.23,3484,01/13/2014,07:57,7,57
01/13/2014 07:57,10,6.32,6691,01/13/2014,07:57,7,57
01/13/2014 08:00,24,13.37,8411,01/13/2014,08:00,8,0
01/13/2014 08:01,25,159.06,6816,01/13/2014,08:01,8,1
01/13/2014 08:02,14,4.88,7253,01/13/2014,08:02,8,2
01/13/2014 08:04,24,16.05,4434,01/13/2014,08:04,8,4
01/13/2014 08:06,10,55.96,2681,01/13/2014,08:06,8,6
01/13/2014 08:07,24,11.49,1286,01/13/2014,08:07,8,7
01/13/2014 08:12,14,17.76,2142,01/13/2014,08:12,8,12
01/13/2014 08:15,26,3617.47,9220,01/13/2014,08:15,8,15
01/13/2014 08:21,24,13.19,6901,01/13/2014,08:21,8,21
01/13/2014 08:22,24,6.69,7819,01/13/2014,08:22,8,22
01/13/2014 08:23,24,19.89,8202,01/13/2014,08:23,8,23
01/13/2014 08:58,13,2892.74,9220,01/13/2014,08:58,8,58
01/13/2014 10:12,1,204.58,9735,01/13/2014,10:12,10,12
01/13/2014 10:20,18,689.85,9220,01/13/2014,10:20,10,20
01/13/2014 12:00,22,4.09,7117,01/13/2014,12:00,12,0
01/13/2014 12:00,9,7.93,1415,01/13/2014,12:00,12,0
01/13/2014 12:00,9,98.02,9635,01/13/2014,12:00,12,0
01/13/2014 12:00,23,12.69,7688,01/13/2014,12:00,12,0
01/13/2014 12:00,31,18.31,6899,01/13/2014,12:00,12,0
01/13/2014 12:00,23,56.4,2540,01/13/2014,12:00,12,0
01/13/2014 12:00,9,19.56,1877,01/13/2014,12:00,12,0
01/13/2014 12:00,23,16.25,8332,01/13/2014,12:00,12,0
01/13/2014 12:00,9,5.54,1321,01/13/2014,12:00,12,0
01/13/2014 12:00,9,10.37,1874,01/13/2014,12:00,12,0
01/13/2014 12:00,9,15.24,9617,01/13/2014,12:00,12,0
01/13/2014 12:00,9,18.59,6895,01/13/2014,12:00,12,0
01/13/2014 12:00,0,1718.96,9220,01/13/2014,12:00,12,0
01/13/2014 12:00,31,5.22,9241,01/13/2014,12:00,12,0
01/13/2014 12:00,31,9.64,8156,01/13/2014,12:00,12,0
01/13/2014 12:00,31,17.52,2463,01/13/2014,12:00,12,0
01/13/2014 12:11,26,4417.03,8642,01/13/2014,12:11,12,11
01/13/2014 12:27,33,17.17,4434,01/13/2014,12:27,12,27
01/13/2014 12:55,7,19.82,9220,01/13/2014,12:55,12,55
01/13/2014 13:03,21,32.83,8156,01/13/2014,13:03,13,3
01/13/2014 13:18,16,55.25,9551,01/13/2014,13:18,13,18
01/13/2014 13:19,21,46.45,8332,01/13/2014,13:19,13,19
01/13/2014 13:20,19,79.95,6816,01/13/2014,13:20,13,20
01/13/2014 13:21,19,64.5,1286,01/13/2014,13:21,13,21
01/13/2014 13:23,11,38.98,2418,01/13/2014,13:23,13,23
01/13/2014 13:24,33,35.73,7253,01/13/2014,13:24,13,24
01/13/2014 13:27,19,8.72,9683,01/13/2014,13:27,13,27
01/13/2014 13:28,33,30.51,9551,01/13/2014,13:28,13,28
01/13/2014 13:33,15,27.49,2540,01/13/2014,13:33,13,33
01/13/2014 13:34,11,26.15,6899,01/13/2014,13:34,13,34
01/13/2014 13:34,19,27.3,1321,01/13/2014,13:34,13,34
01/13/2014 13:34,33,59.9,7354,01/13/2014,13:34,13,34
01/13/2014 13:36,11,17.21,9405,01/13/2014,13:36,13,36
01/13/2014 13:37,7,95.03,4795,01/13/2014,13:37,13,37
01/13/2014 13:39,15,37.37,2142,01/13/2014,13:39,13,39
01/13/2014 13:40,11,8.29,1874,01/13/2014,13:40,13,40
01/13/2014 13:40,15,29.25,2463,01/13/2014,13:40,13,40
01/13/2014 13:41,21,36.93,1415,01/13/2014,13:41,13,41
01/13/2014 13:42,19,11.99,9635,01/13/2014,13:42,13,42
01/13/2014 13:48,19,116.32,3853,01/13/2014,13:48,13,48
01/13/2014 13:48,7,8.32,1310,01/13/2014,13:48,13,48
01/13/2014 13:48,11,24.26,3492,01/13/2014,13:48,13,48
01/13/2014 13:50,33,91.97,7384,01/13/2014,13:50,13,50
01/13/2014 13:51,19,17.41,7819,01/13/2014,13:51,13,51
01/13/2014 13:51,15,21.03,8411,01/13/2014,13:51,13,51
01/13/2014 13:52,11,29.55,3547,01/13/2014,13:52,13,52
01/13/2014 13:55,27,20.33,5368,01/13/2014,13:55,13,55
01/13/2014 14:00,15,38.07,7117,01/13/2014,14:00,14,0
01/13/2014 14:00,21,36.24,8202,01/13/2014,14:00,14,0
01/13/2014 14:01,21,117.17,2681,01/13/2014,14:01,14,1
01/13/2014 14:04,33,25.09,9617,01/13/2014,14:04,14,4
01/13/2014 14:06,7,29.75,1877,01/13/2014,14:06,14,6
01/13/2014 14:13,15,12.76,6901,01/13/2014,14:13,14,13
01/13/2014 14:21,33,26.96,4948,01/13/2014,14:21,14,21
01/13/2014 14:33,15,116.87,8129,01/13/2014,14:33,14,33
01/13/2014 16:56,26,2228.08,8642,01/13/2014,16:56,16,56
01/13/2014 19:20,28,10000.0,9551,01/13/2014,19:20,19,20
01/13/2014 19:27,6,216.43,3853,01/13/2014,19:27,19,27
01/13/2014 19:30,7,28.75,9551,01/13/2014,19:30,19,30
01/13/2014 19:41,28,188.57,8129,01/13/2014,19:41,19,41
01/13/2014 19:50,11,89.83,3547,01/13/2014,19:50,19,50
01/13/2014 19:59,28,64.6,8411,01/13/2014,19:59,19,59
01/13/2014 19:59,11,30.84,6691,01/13/2014,19:59,19,59
01/13/2014 20:09,15,22.34,7354,01/13/2014,20:09,20,9
01/13/2014 20:11,15,20.47,4795,01/13/2014,20:11,20,11
01/13/2014 20:15,15,36.89,7384,01/13/2014,20:15,20,15
01/13/2014 20:18,15,15.84,7819,01/13/2014,20:18,20,18
01/13/2014 20:24,11,35.7,2142,01/13/2014,20:24,20,24
01/13/2014 20:33,11,91.36,1310,01/13/2014,20:33,20,33
01/13/2014 20:35,8,288.0,7688,01/13/2014,20:35,20,35
01/13/2014 20:35,33,29.22,2463,01/13/2014,20:35,20,35
01/13/2014 20:42,33,31.59,1415,01/13/2014,20:42,20,42
01/13/2014 20:42,8,49.48,1321,01/13/2014,20:42,20,42
01/13/2014 20:42,15,88.57,1286,01/13/2014,20:42,20,42
01/13/2014 20:43,7,21.83,2681,01/13/2014,20:43,20,43
01/13/2014 20:44,11,93.57,5407,01/13/2014,20:44,20,44
01/13/2014 20:44,15,15.55,9683,01/13/2014,20:44,20,44
01/13/2014 20:45,6,144.4,6901,01/13/2014,20:45,20,45
01/13/2014 20:47,11,22.24,7253,01/13/2014,20:47,20,47
01/13/2014 20:51,11,55.82,7889,01/13/2014,20:51,20,51
01/13/2014 20:59,15,37.5,7108,01/13/2014,20:59,20,59
01/13/2014 21:00,11,27.59,1874,01/13/2014,21:00,21,0
01/13/2014 21:08,15,19.77,5368,01/13/2014,21:08,21,8
01/13/2014 21:11,28,202.05,2418,01/13/2014,21:11,21,11
01/13/2014 21:12,33,31.47,8332,01/13/2014,21:12,21,12
01/13/2014 21:13,33,32.29,7117,01/13/2014,21:13,21,13
01/13/2014 21:16,11,33.11,9405,01/13/2014,21:16,21,16
01/13/2014 21:27,33,99.63,8156,01/13/2014,21:27,21,27
01/14/2014 07:27,24,14.67,5368,01/14/2014,07:27,7,27
01/14/2014 07:31,24,4.72,4795,01/14/2014,07:31,7,31
01/14/2014 07:35,10,10.75,7889,01/14/2014,07:35,7,35
01/14/2014 07:35,24,7.31,7354,01/14/2014,07:35,7,35
01/14/2014 07:37,14,9.8,3547,01/14/2014,07:37,7,37
01/14/2014 07:40,24,5.87,9683,01/14/2014,07:40,7,40
01/14/2014 07:42,10,4.59,1310,01/14/2014,07:42,7,42
01/14/2014 07:44,10,16.67,8129,01/14/2014,07:44,7,44
01/14/2014 07:45,24,14.04,4948,01/14/2014,07:45,7,45
01/14/2014 07:45,10,13.0,7108,01/14/2014,07:45,7,45
01/14/2014 07:45,24,10.96,3484,01/14/2014,07:45,7,45
01/14/2014 07:45,24,16.53,9405,01/14/2014,07:45,7,45
01/14/2014 07:48,24,6.45,3853,01/14/2014,07:48,7,48
01/14/2014 07:52,14,11.67,2418,01/14/2014,07:52,7,52
01/14/2014 07:53,14,15.63,7253,01/14/2014,07:53,7,53
01/14/2014 07:53,24,9.53,8202,01/14/2014,07:53,7,53
01/14/2014 07:53,24,8.24,7384,01/14/2014,07:53,7,53
01/14/2014 07:53,24,3.66,6816,01/14/2014,07:53,7,53
01/14/2014 07:54,10,19.99,1874,01/14/2014,07:54,7,54
01/14/2014 07:54,10,50.21,9617,01/14/2014,07:54,7,54
01/14/2014 07:56,14,7.84,2142,01/14/2014,07:56,7,56
01/14/2014 07:58,24,11.94,7819,01/14/2014,07:58,7,58
01/14/2014 08:03,24,3.21,1286,01/14/2014,08:03,8,3
01/14/2014 08:07,24,16.39,5407,01/14/2014,08:07,8,7
01/14/2014 08:12,10,39.52,3492,01/14/2014,08:12,8,12
01/14/2014 08:12,10,10.65,2681,01/14/2014,08:12,8,12
01/14/2014 08:13,24,11.53,8411,01/14/2014,08:13,8,13
01/14/2014 08:13,24,12.31,6901,01/14/2014,08:13,8,13
01/14/2014 08:16,10,6.16,6691,01/14/2014,08:16,8,16
01/14/2014 08:20,25,58.85,6899,01/14/2014,08:20,8,20
01/14/2014 09:34,0,3630.57,7792,01/14/2014,09:34,9,34
01/14/2014 10:03,1,965.72,9735,01/14/2014,10:03,10,3
01/14/2014 11:01,32,600.19,3506,01/14/2014,11:01,11,1
01/14/2014 11:45,1,570.95,7792,01/14/2014,11:45,11,45
01/14/2014 11:55,32,278.52,9735,01/14/2014,11:55,11,55
01/14/2014 12:00,22,3.63,7117,01/14/2014,12:00,12,0
01/14/2014 12:00,9,7.28,1415,01/14/2014,12:00,12,0
01/14/2014 12:00,9,19.37,9635,01/14/2014,12:00,12,0
01/14/2014 12:00,23,17.14,7688,01/14/2014,12:00,12,0
01/14/2014 12:00,23,8.3,2540,01/14/2014,12:00,12,0
01/14/2014 12:00,9,14.56,1877,01/14/2014,12:00,12,0
01/14/2014 12:00,23,11.35,8332,01/14/2014,12:00,12,0
01/14/2014 12:00,9,67.82,1321,01/14/2014,12:00,12,0
01/14/2014 12:00,9,5.9,6895,01/14/2014,12:00,12,0
01/14/2014 12:00,31,63.36,9241,01/14/2014,12:00,12,0
01/14/2014 12:00,31,95.7,8156,01/14/2014,12:00,12,0
01/14/2014 12:30,26,228.41,8642,01/14/2014,12:30,12,30
01/14/2014 13:00,1,1341.01,3506,01/14/2014,13:00,13,0
01/14/2014 13:06,26,3379.21,2276,01/14/2014,13:06,13,6
01/14/2014 13:14,11,29.12,8156,01/14/2014,13:14,13,14
01/14/2014 13:17,33,36.01,7253,01/14/2014,13:17,13,17
01/14/2014 13:17,20,109.54,2540,01/14/2014,13:17,13,17
01/14/2014 13:21,11,34.45,7792,01/14/2014,13:21,13,21
01/14/2014 13:21,20,113.08,9683,01/14/2014,13:21,13,21
01/14/2014 13:22,11,10.03,6895,01/14/2014,13:22,13,22
01/14/2014 13:24,27,17.38,9635,01/14/2014,13:24,13,24
01/14/2014 13:24,27,15.15,8332,01/14/2014,13:24,13,24
01/14/2014 13:25,33,23.69,7688,01/14/2014,13:25,13,25
01/14/2014 13:32,21,27.26,7384,01/14/2014,13:32,13,32
01/14/2014 13:32,21,32.82,2142,01/14/2014,13:32,13,32
01/14/2014 13:32,11,20.95,7354,01/14/2014,13:32,13,32
01/14/2014 13:33,21,39.17,2463,01/14/2014,13:33,13,33
01/14/2014 13:34,11,29.1,4795,01/14/2014,13:34,13,34
01/14/2014 13:35,19,31.09,8411,01/14/2014,13:35,13,35
01/14/2014 13:35,19,15.26,9405,01/14/2014,13:35,13,35
01/14/2014 13:36,15,13.27,1415,01/14/2014,13:36,13,36
01/14/2014 13:37,33,19.07,3853,01/14/2014,13:37,13,37
01/14/2014 13:37,19,10.24,1310,01/14/2014,13:37,13,37
01/14/2014 13:38,19,8.41,6816,01/14/2014,13:38,13,38
01/14/2014 13:40,7,107.32,3484,01/14/2014,13:40,13,40
01/14/2014 13:40,27,33.13,5407,01/14/2014,13:40,13,40
01/14/2014 13:41,7,79.58,6899,01/14/2014,13:41,13,41
01/14/2014 13:41,11,75.46,3547,01/14/2014,13:41,13,41
01/14/2014 13:42,33,98.81,7889,01/14/2014,13:42,13,42
01/14/2014 13:42,27,23.1,3492,01/14/2014,13:42,13,42
01/14/2014 13:43,11,31.69,6691,01/14/2014,13:43,13,43
01/14/2014 13:44,15,16.35,1874,01/14/2014,13:44,13,44
01/14/2014 13:49,21,70.98,1877,01/14/2014,13:49,13,49
01/14/2014 13:49,15,38.26,9617,01/14/2014,13:49,13,49
01/14/2014 13:50,27,27.65,4948,01/14/2014,13:50,13,50
01/14/2014 13:51,27,15.27,1321,01/14/2014,13:51,13,51
01/14/2014 13:51,7,62.3,7108,01/14/2014,13:51,13,51
01/14/2014 13:53,7,33.67,2681,01/14/2014,13:53,13,53
01/14/2014 13:57,21,35.97,5368,01/14/2014,13:57,13,57
01/14/2014 13:57,33,17.18,6901,01/14/2014,13:57,13,57
01/14/2014 13:58,11,33.54,7819,01/14/2014,13:58,13,58
01/14/2014 13:59,15,50.4,1286,01/14/2014,13:59,13,59
01/14/2014 14:01,7,19.7,7117,01/14/2014,14:01,14,1
01/14/2014 14:03,21,102.03,8129,01/14/2014,14:03,14,3
01/14/2014 14:03,19,24.87,4434,01/14/2014,14:03,14,3
01/14/2014 14:13,17,4277.4,2276,01/14/2014,14:13,14,13
01/14/2014 14:16,33,16.73,8202,01/14/2014,14:16,14,16
01/14/2014 14:21,0,854.88,7792,01/14/2014,14:21,14,21
01/14/2014 15:32,26,4918.39,8642,01/14/2014,15:32,15,32
01/14/2014 15:49,30,131.73,6816,01/14/2014,15:49,15,49
01/14/2014 16:16,0,3470.99,7792,01/14/2014,16:16,16,16
01/14/2014 16:28,1,4429.76,2276,01/14/2014,16:28,16,28
01/14/2014 19:44,33,39.64,1415,01/14/2014,19:44,19,44
01/14/2014 19:59,15,94.26,7108,01/14/2014,19:59,19,59
01/14/2014 20:01,15,23.59,4795,01/14/2014,20:01,20,1
01/14/2014 20:05,8,50.77,3484,01/14/2014,20:05,20,5
01/14/2014 20:09,11,91.8,7889,01/14/2014,20:09,20,9
01/14/2014 20:15,11,27.67,8129,01/14/2014,20:15,20,15
01/14/2014 20:15,15,18.11,6816,01/14/2014,20:15,20,15
01/14/2014 20:17,15,35.12,5368,01/14/2014,20:17,20,17
01/14/2014 20:17,11,36.95,3547,01/14/2014,20:17,20,17
01/14/2014 20:19,15,12.96,7384,01/14/2014,20:19,20,19
01/14/2014 20:19,11,31.94,5407,01/14/2014,20:19,20,19
01/14/2014 20:22,33,9.55,2463,01/14/2014,20:22,20,22
01/14/2014 20:25,15,10.85,3853,01/14/2014,20:25,20,25
01/14/2014 20:26,11,12.65,1874,01/14/2014,20:26,20,26
01/14/2014 20:29,15,25.28,7819,01/14/2014,20:29,20,29
01/14/2014 20:32,7,11.86,6899,01/14/2014,20:32,20,32
01/14/2014 20:33,28,42.72,4434,01/14/2014,20:33,20,33
01/14/2014 20:34,11,11.89,3492,01/14/2014,20:34,20,34
01/14/2014 20:41,7,24.06,9241,01/14/2014,20:41,20,41
01/14/2014 20:42,11,46.61,8202,01/14/2014,20:42,20,42
01/14/2014 20:43,28,146.74,6901,01/14/2014,20:43,20,43
01/14/2014 20:46,7,80.95,2681,01/14/2014,20:46,20,46
01/14/2014 20:48,33,43.56,8332,01/14/2014,20:48,20,48
01/14/2014 20:50,8,228.72,9635,01/14/2014,20:50,20,50
01/14/2014 20:50,11,25.4,8411,01/14/2014,20:50,20,50
01/14/2014 21:04,33,28.45,6895,01/14/2014,21:04,21,4
01/14/2014 21:10,11,18.35,9617,01/14/2014,21:10,21,10
01/14/2014 21:14,4,223.81,9405,01/14/2014,21:14,21,14
01/14/2014 21:28,28,49.21,4948,01/14/2014,21:28,21,28
01/14/2014 21:31,33,22.13,2540,01/14/2014,21:31,21,31
01/14/2014 21:31,15,26.14,7354,01/14/2014,21:31,21,31
01/15/2014 07:33,10,11.98,7889,01/15/2014,07:33,7,33
01/15/2014 07:34,24,3.71,7384,01/15/2014,07:34,7,34
01/15/2014 07:36,10,5.28,9617,01/15/2014,07:36,7,36
01/15/2014 07:36,24,15.5,6816,01/15/2014,07:36,7,36
01/15/2014 07:39,10,5.95,8129,01/15/2014,07:39,7,39
01/15/2014 07:40,24,19.87,9683,01/15/2014,07:40,7,40
01/15/2014 07:44,10,12.17,7108,01/15/2014,07:44,7,44
01/15/2014 07:45,14,19.93,2142,01/15/2014,07:45,7,45
01/15/2014 07:45,24,11.47,9405,01/15/2014,07:45,7,45
01/15/2014 07:48,24,6.58,7819,01/15/2014,07:48,7,48
01/15/2014 07:49,24,11.23,1286,01/15/2014,07:49,7,49
01/15/2014 07:50,24,19.24,7354,01/15/2014,07:50,7,50
01/15/2014 07:51,14,14.47,3547,01/15/2014,07:51,7,51
01/15/2014 07:51,10,78.69,6691,01/15/2014,07:51,7,51
01/15/2014 07:56,14,5.49,7253,01/15/2014,07:56,7,56
01/15/2014 07:57,24,4.92,4795,01/15/2014,07:57,7,57
01/15/2014 07:58,24,3.14,4948,01/15/2014,07:58,7,58
01/15/2014 07:58,24,5.75,8411,01/15/2014,07:58,7,58
01/15/2014 07:58,24,14.06,3484,01/15/2014,07:58,7,58
01/15/2014 07:59,10,14.33,3492,01/15/2014,07:59,7,59
01/15/2014 08:00,24,8.42,5368,01/15/2014,08:00,8,0
01/15/2014 08:00,10,15.27,1310,01/15/2014,08:00,8,0
01/15/2014 08:01,24,49.7,4434,01/15/2014,08:01,8,1
01/15/2014 08:02,24,15.58,3853,01/15/2014,08:02,8,2
01/15/2014 08:05,14,56.31,2418,01/15/2014,08:05,8,5
01/15/2014 08:05,24,12.39,5407,01/15/2014,08:05,8,5
01/15/2014 08:06,24,3.47,8202,01/15/2014,08:06,8,6
01/15/2014 08:13,10,14.39,2681,01/15/2014,08:13,8,13
01/15/2014 08:14,24,18.58,6901,01/15/2014,08:14,8,14
01/15/2014 09:34,0,3608.08,7792,01/15/2014,09:34,9,34
01/15/2014 10:00,1,1903.77,9152,01/15/2014,10:00,10,0
01/15/2014 10:14,1,1391.24,9735,01/15/2014,10:14,10,14
01/15/2014 11:18,32,4545.38,9152,01/15/2014,11:18,11,18
01/15/2014 11:44,32,4740.68,9735,01/15/2014,11:44,11,44
01/15/2014 11:55,1,3004.98,7792,01/15/2014,11:55,11,55
01/15/2014 12:00,9,5.34,9635,01/15/2014,12:00,12,0
01/15/2014 12:00,31,11.15,6899,01/15/2014,12:00,12,0
01/15/2014 12:00,23,91.62,2540,01/15/2014,12:00,12,0
01/15/2014 12:00,9,93.13,1877,01/15/2014,12:00,12,0
01/15/2014 12:00,23,3.62,8332,01/15/2014,12:00,12,0
01/15/2014 12:00,9,18.96,1321,01/15/2014,12:00,12,0
01/15/2014 12:00,9,15.24,6895,01/15/2014,12:00,12,0
01/15/2014 12:00,31,5.3,9241,01/15/2014,12:00,12,0
01/15/2014 12:00,31,84.06,8156,01/15/2014,12:00,12,0
01/15/2014 12:00,31,19.54,2463,01/15/2014,12:00,12,0
01/15/2014 12:25,26,3152.41,8642,01/15/2014,12:25,12,25
01/15/2014 13:08,27,22.39,8156,01/15/2014,13:08,13,8
01/15/2014 13:10,7,8.93,7253,01/15/2014,13:10,13,10
01/15/2014 13:12,33,36.7,8332,01/15/2014,13:12,13,12
01/15/2014 13:12,33,118.89,9683,01/15/2014,13:12,13,12
01/15/2014 13:13,11,24.15,7792,01/15/2014,13:13,13,13
01/15/2014 13:17,11,88.56,2418,01/15/2014,13:17,13,17
01/15/2014 13:22,15,14.37,1415,01/15/2014,13:22,13,22
01/15/2014 13:22,19,31.0,7889,01/15/2014,13:22,13,22
01/15/2014 13:22,7,12.9,3484,01/15/2014,13:22,13,22
01/15/2014 13:24,33,13.0,6899,01/15/2014,13:24,13,24
01/15/2014 13:26,19,23.51,7688,01/15/2014,13:26,13,26
01/15/2014 13:27,11,55.6,1286,01/15/2014,13:27,13,27
01/15/2014 13:31,7,36.47,1321,01/15/2014,13:31,13,31
01/15/2014 13:35,27,26.17,1874,01/15/2014,13:35,13,35
01/15/2014 13:36,27,37.15,8411,01/15/2014,13:36,13,36
01/15/2014 13:37,27,38.5,5407,01/15/2014,13:37,13,37
01/15/2014 13:39,33,8.75,9405,01/15/2014,13:39,13,39
01/15/2014 13:39,21,9.61,2463,01/15/2014,13:39,13,39
01/15/2014 13:40,7,25.7,5368,01/15/2014,13:40,13,40
01/15/2014 13:41,33,82.61,2540,01/15/2014,13:41,13,41
01/15/2014 13:41,15,49.34,7354,01/15/2014,13:41,13,41
01/15/2014 13:42,33,32.4,1877,01/15/2014,13:42,13,42
01/15/2014 13:42,7,22.86,7108,01/15/2014,13:42,13,42
01/15/2014 13:44,15,15.89,2142,01/15/2014,13:44,13,44
01/15/2014 13:45,19,88.83,9635,01/15/2014,13:45,13,45
01/15/2014 13:45,27,47.86,6895,01/15/2014,13:45,13,45
01/15/2014 13:45,15,12.19,6691,01/15/2014,13:45,13,45
01/15/2014 13:46,21,24.96,7117,01/15/2014,13:46,13,46
01/15/2014 13:46,15,16.58,8202,01/15/2014,13:46,13,46
01/15/2014 13:47,19,20.44,7384,01/15/2014,13:47,13,47
01/15/2014 13:51,7,26.61,8129,01/15/2014,13:51,13,51
01/15/2014 13:55,21,31.21,3853,01/15/2014,13:55,13,55
01/15/2014 13:58,21,39.4,7819,01/15/2014,13:58,13,58
01/15/2014 13:58,19,33.8,3547,01/15/2014,13:58,13,58
01/15/2014 13:59,21,42.36,2681,01/15/2014,13:59,13,59
01/15/2014 14:00,15,25.58,9617,01/15/2014,14:00,14,0
01/15/2014 14:00,11,12.12,1310,01/15/2014,14:00,14,0
01/15/2014 14:02,33,118.23,4434,01/15/2014,14:02,14,2
01/15/2014 14:02,19,24.53,3492,01/15/2014,14:02,14,2
01/15/2014 14:04,19,46.82,4948,01/15/2014,14:04,14,4
01/15/2014 14:12,13,2564.0,4530,01/15/2014,14:12,14,12
01/15/2014 14:13,27,28.82,6901,01/15/2014,14:13,14,13
01/15/2014 14:25,0,1112.04,7792,01/15/2014,14:25,14,25
01/15/2014 15:11,18,4788.22,4530,01/15/2014,15:11,15,11
01/15/2014 15:40,26,875.87,8642,01/15/2014,15:40,15,40
01/15/2014 17:01,0,1392.73,7792,01/15/2014,17:01,17,1
01/15/2014 19:18,7,28.86,9241,01/15/2014,19:18,19,18
01/15/2014 19:50,11,39.23,3492,01/15/2014,19:50,19,50
01/15/2014 19:52,28,18.91,2540,01/15/2014,19:52,19,52
01/15/2014 19:53,15,98.04,3484,01/15/2014,19:53,19,53
01/15/2014 19:55,33,13.02,1415,01/15/2014,19:55,19,55
01/15/2014 19:55,15,31.04,4434,01/15/2014,19:55,19,55
01/15/2014 19:56,3,126.2,7819,01/15/2014,19:56,19,56
01/15/2014 19:59,11,25.08,8129,01/15/2014,19:59,19,59
01/15/2014 20:00,11,29.84,2142,01/15/2014,20:00,20,0
01/15/2014 20:02,15,28.75,7354,01/15/2014,20:02,20,2
01/15/2014 20:04,28,235.27,9683,01/15/2014,20:04,20,4
01/15/2014 20:05,11,11.45,9617,01/15/2014,20:05,20,5
01/15/2014 20:06,15,44.91,5368,01/15/2014,20:06,20,6
01/15/2014 20:08,15,36.35,6816,01/15/2014,20:08,20,8
01/15/2014 20:10,33,35.12,9635,01/15/2014,20:10,20,10
01/15/2014 20:10,6,162.0,8332,01/15/2014,20:10,20,10
01/15/2014 20:16,33,11.8,7688,01/15/2014,20:16,20,16
01/15/2014 20:17,11,29.33,8411,01/15/2014,20:17,20,17
01/15/2014 20:23,33,10.35,1321,01/15/2014,20:23,20,23
01/15/2014 20:23,11,39.63,1310,01/15/2014,20:23,20,23
01/15/2014 20:24,33,16.37,1877,01/15/2014,20:24,20,24
01/15/2014 20:26,11,61.61,8202,01/15/2014,20:26,20,26
01/15/2014 20:29,7,23.18,6899,01/15/2014,20:29,20,29
01/15/2014 20:29,11,29.66,2418,01/15/2014,20:29,20,29
01/15/2014 20:33,28,18.66,1874,01/15/2014,20:33,20,33
01/15/2014 20:46,8,228.15,7117,01/15/2014,20:46,20,46
01/15/2014 20:57,28,276.88,4948,01/15/2014,20:57,20,57
01/15/2014 20:59,15,61.43,3853,01/15/2014,20:59,20,59
01/15/2014 21:05,11,13.77,7253,01/15/2014,21:05,21,5
01/15/2014 21:05,15,27.01,1286,01/15/2014,21:05,21,5
01/15/2014 21:05,7,8.57,2681,01/15/2014,21:05,21,5
01/15/2014 21:08,33,101.14,6895,01/15/2014,21:08,21,8
01/15/2014 21:21,11,27.48,3547,01/15/2014,21:21,21,21
01/15/2014 21:42,33,37.16,8156,01/15/2014,21:42,21,42
01/16/2014 07:30,25,298.83,7108,01/16/2014,07:30,7,30
01/16/2014 07:33,24,25.05,5368,01/16/2014,07:33,7,33
01/16/2014 07:34,24,8.18,7354,01/16/2014,07:34,7,34
01/16/2014 07:36,24,19.9,3484,01/16/2014,07:36,7,36
01/16/2014 07:38,14,67.19,3547,01/16/2014,07:38,7,38
01/16/2014 07:44,10,13.84,7889,01/16/2014,07:44,7,44
01/16/2014 07:44,10,18.2,7108,01/16/2014,07:44,7,44
01/16/2014 07:44,10,17.74,3492,01/16/2014,07:44,7,44
01/16/2014 07:45,10,17.92,8129,01/16/2014,07:45,7,45
01/16/2014 07:50,24,7.31,7384,01/16/2014,07:50,7,50
01/16/2014 07:51,10,44.98,9617,01/16/2014,07:51,7,51
01/16/2014 07:51,10,9.6,1310,01/16/2014,07:51,7,51
01/16/2014 07:52,24,12.67,1286,01/16/2014,07:52,7,52
01/16/2014 07:53,24,4.7,4795,01/16/2014,07:53,7,53
01/16/2014 07:54,24,83.84,4948,01/16/2014,07:54,7,54
01/16/2014 07:54,10,7.22,1874,01/16/2014,07:54,7,54
01/16/2014 07:55,24,12.83,6816,01/16/2014,07:55,7,55
01/16/2014 07:56,24,4.33,9683,01/16/2014,07:56,7,56
01/16/2014 08:02,24,5.82,3853,01/16/2014,08:02,8,2
01/16/2014 08:03,14,63.14,2418,01/16/2014,08:03,8,3
01/16/2014 08:03,10,72.61,9405,01/16/2014,08:03,8,3
01/16/2014 08:03,24,16.67,6901,01/16/2014,08:03,8,3
01/16/2014 08:05,10,12.19,9551,01/16/2014,08:05,8,5
01/16/2014 08:07,10,18.23,6691,01/16/2014,08:07,8,7
01/16/2014 08:08,24,90.33,8202,01/16/2014,08:08,8,8
01/16/2014 08:09,24,17.44,4434,01/16/2014,08:09,8,9
01/16/2014 08:09,10,4.6,2681,01/16/2014,08:09,8,9
01/16/2014 08:19,24,16.9,7819,01/16/2014,08:19,8,19
01/16/2014 08:23,24,11.21,8411,01/16/2014,08:23,8,23
01/16/2014 09:18,26,1676.53,3506,01/16/2014,09:18,9,18
01/16/2014 09:52,0,419.93,7792,01/16/2014,09:52,9,52
01/16/2014 10:16,1,1494.44,9735,01/16/2014,10:16,10,16
01/16/2014 11:06,32,940.3,3506,01/16/2014,11:06,11,6
01/16/2014 11:25,1,4742.67,7792,01/16/2014,11:25,11,25
01/16/2014 11:45,32,4543.31,9735,01/16/2014,11:45,11,45
01/16/2014 12:00,22,10.48,7117,01/16/2014,12:00,12,0
01/16/2014 12:00,9,19.82,1415,01/16/2014,12:00,12,0
01/16/2014 12:00,9,12.33,9635,01/16/2014,12:00,12,0
01/16/2014 12:00,23,17.91,7688,01/16/2014,12:00,12,0
01/16/2014 12:00,31,9.12,6899,01/16/2014,12:00,12,0
01/16/2014 12:00,23,6.53,2540,01/16/2014,12:00,12,0
01/16/2014 12:00,9,5.56,1877,01/16/2014,12:00,12,0
01/16/2014 12:00,23,6.39,8332,01/16/2014,12:00,12,0
01/16/2014 12:00,9,98.34,1321,01/16/2014,12:00,12,0
01/16/2014 12:00,9,17.4,6895,01/16/2014,12:00,12,0
01/16/2014 12:00,31,14.86,9241,01/16/2014,12:00,12,0
01/16/2014 12:00,31,12.56,8156,01/16/2014,12:00,12,0
01/16/2014 12:00,31,6.95,2463,01/16/2014,12:00,12,0
01/16/2014 12:32,1,2047.28,3506,01/16/2014,12:32,12,32
01/16/2014 12:40,26,3917.3,8642,01/16/2014,12:40,12,40
01/16/2014 13:17,11,11.08,9683,01/16/2014,13:17,13,17
01/16/2014 13:19,11,27.82,7688,01/16/2014,13:19,13,19
01/16/2014 13:19,33,17.66,8332,01/16/2014,13:19,13,19
01/16/2014 13:22,19,64.71,1286,01/16/2014,13:22,13,22
01/16/2014 13:22,26,3138.98,2276,01/16/2014,13:22,13,22
01/16/2014 13:22,33,26.15,8156,01/16/2014,13:22,13,22
01/16/2014 13:23,15,31.48,7889,01/16/2014,13:23,13,23
01/16/2014 13:23,11,34.9,7792,01/16/2014,13:23,13,23
01/16/2014 13:26,33,36.17,6899,01/16/2014,13:26,13,26
01/16/2014 13:27,11,34.02,3484,01/16/2014,13:27,13,27
01/16/2014 13:27,11,39.74,5407,01/16/2014,13:27,13,27
01/16/2014 13:27,19,31.31,3547,01/16/2014,13:27,13,27
01/16/2014 13:28,15,10.27,9551,01/16/2014,13:28,13,28
01/16/2014 13:30,33,16.53,7253,01/16/2014,13:30,13,30
01/16/2014 13:30,33,10.38,2540,01/16/2014,13:30,13,30
01/16/2014 13:33,21,12.33,2463,01/16/2014,13:33,13,33
01/16/2014 13:35,33,13.05,6691,01/16/2014,13:35,13,35
01/16/2014 13:36,33,31.14,1415,01/16/2014,13:36,13,36
01/16/2014 13:37,21,22.19,9405,01/16/2014,13:37,13,37
01/16/2014 13:39,19,69.27,4795,01/16/2014,13:39,13,39
01/16/2014 13:42,15,29.7,7819,01/16/2014,13:42,13,42
01/16/2014 13:43,33,14.89,1321,01/16/2014,13:43,13,43
01/16/2014 13:43,11,38.32,5368,01/16/2014,13:43,13,43
01/16/2014 13:44,15,13.48,6816,01/16/2014,13:44,13,44
01/16/2014 13:44,33,18.18,7354,01/16/2014,13:44,13,44
01/16/2014 13:45,7,12.47,3853,01/16/2014,13:45,13,45
01/16/2014 13:45,27,9.27,8202,01/16/2014,13:45,13,45
01/16/2014 13:45,7,18.27,2142,01/16/2014,13:45,13,45
01/16/2014 13:47,19,36.02,7108,01/16/2014,13:47,13,47
01/16/2014 13:48,27,91.38,9635,01/16/2014,13:48,13,48
01/16/2014 13:48,19,24.38,4948,01/16/2014,13:48,13,48
01/16/2014 13:48,21,32.4,1874,01/16/2014,13:48,13,48
01/16/2014 13:48,33,29.93,9617,01/16/2014,13:48,13,48
01/16/2014 13:48,27,11.83,3492,01/16/2014,13:48,13,48
01/16/2014 13:49,27,8.86,7384,01/16/2014,13:49,13,49
01/16/2014 13:54,33,8.07,1310,01/16/2014,13:54,13,54
01/16/2014 13:55,33,30.02,8411,01/16/2014,13:55,13,55
01/16/2014 13:55,19,8.43,6901,01/16/2014,13:55,13,55
01/16/2014 14:00,7,8.52,2418,01/16/2014,14:00,14,0
01/16/2014 14:01,7,8.47,7117,01/16/2014,14:01,14,1
01/16/2014 14:05,15,32.8,1877,01/16/2014,14:05,14,5
01/16/2014 15:58,30,131.01,5368,01/16/2014,15:58,15,58
01/16/2014 16:56,17,1897.05,2276,01/16/2014,16:56,16,56
01/16/2014 17:07,21,10.62,4434,01/16/2014,17:07,17,7
01/16/2014 17:17,0,1814.24,7792,01/16/2014,17:17,17,17
01/16/2014 18:49,11,93.68,8411,01/16/2014,18:49,18,49
01/16/2014 19:04,15,25.57,7384,01/16/2014,19:04,19,4
01/16/2014 19:09,15,8.31,3484,01/16/2014,19:09,19,9
01/16/2014 19:39,11,10.93,7889,01/16/2014,19:39,19,39
01/16/2014 19:40,15,37.8,4795,01/16/2014,19:40,19,40
01/16/2014 19:45,28,53.37,1874,01/16/2014,19:45,19,45
01/16/2014 19:47,11,34.34,3547,01/16/2014,19:47,19,47
01/16/2014 20:05,11,69.3,5407,01/16/2014,20:05,20,5
01/16/2014 20:08,8,283.38,7117,01/16/2014,20:08,20,8
01/16/2014 20:09,11,18.79,8129,01/16/2014,20:09,20,9
01/16/2014 20:09,15,28.27,6901,01/16/2014,20:09,20,9
01/16/2014 20:13,33,29.13,1321,01/16/2014,20:13,20,13
01/16/2014 20:14,15,111.31,9683,01/16/2014,20:14,20,14
01/16/2014 20:17,15,25.78,3853,01/16/2014,20:17,20,17
01/16/2014 20:17,15,30.76,6816,01/16/2014,20:17,20,17
01/16/2014 20:23,11,13.91,9617,01/16/2014,20:23,20,23
01/16/2014 20:25,7,23.89,6899,01/16/2014,20:25,20,25
01/16/2014 20:25,8,91.71,7819,01/16/2014,20:25,20,25
01/16/2014 20:25,11,35.43,2418,01/16/2014,20:25,20,25
01/16/2014 20:25,4,155.76,4434,01/16/2014,20:25,20,25
01/16/2014 20:25,7,22.65,2681,01/16/2014,20:25,20,25
01/16/2014 20:28,7,9.91,9551,01/16/2014,20:28,20,28
01/16/2014 20:28,11,30.84,9405,01/16/2014,20:28,20,28
01/16/2014 20:35,15,11.31,7108,01/16/2014,20:35,20,35
01/16/2014 20:36,11,19.44,2142,01/16/2014,20:36,20,36
01/16/2014 20:39,11,30.56,8202,01/16/2014,20:39,20,39
01/16/2014 20:42,33,114.0,6895,01/16/2014,20:42,20,42
01/16/2014 20:43,33,27.74,2463,01/16/2014,20:43,20,43
01/16/2014 20:45,6,160.69,1877,01/16/2014,20:45,20,45
01/16/2014 20:50,6,16.84,1286,01/16/2014,20:50,20,50
01/16/2014 20:51,11,34.58,3492,01/16/2014,20:51,20,51
01/16/2014 20:52,4,240.66,7354,01/16/2014,20:52,20,52
01/16/2014 20:54,28,130.01,4948,01/16/2014,20:54,20,54
01/16/2014 20:58,33,12.47,8332,01/16/2014,20:58,20,58
01/16/2014 21:13,33,20.84,7688,01/16/2014,21:13,21,13
01/16/2014 21:16,7,29.99,9241,01/16/2014,21:16,21,16
01/17/2014 07:29,24,52.56,7384,01/17/2014,07:29,7,29
01/17/2014 07:31,10,3.25,1310,01/17/2014,07:31,7,31
01/17/2014 07:33,10,14.58,7889,01/17/2014,07:33,7,33
01/17/2014 07:36,24,11.69,5368,01/17/2014,07:36,7,36
01/17/2014 07:38,14,10.27,3547,01/17/2014,07:38,7,38
01/17/2014 07:39,10,15.98,9617,01/17/2014,07:39,7,39
01/17/2014 07:41,10,10.52,8129,01/17/2014,07:41,7,41
01/17/2014 07:50,24,8.07,4948,01/17/2014,07:50,7,50
01/17/2014 07:51,14,6.81,7253,01/17/2014,07:51,7,51
01/17/2014 07:52,10,18.6,1874,01/17/2014,07:52,7,52
01/17/2014 07:52,14,9.16,6816,01/17/2014,07:52,7,52
01/17/2014 07:56,10,9.72,5010,01/17/2014,07:56,7,56
01/17/2014 07:57,24,10.52,7354,01/17/2014,07:57,7,57
01/17/2014 07:59,10,5.52,6691,01/17/2014,07:59,7,59
01/17/2014 07:59,24,19.39,4795,01/17/2014,07:59,7,59
01/17/2014 08:03,24,13.66,3484,01/17/2014,08:03,8,3
01/17/2014 08:03,10,38.22,3492,01/17/2014,08:03,8,3
01/17/2014 08:04,10,9.4,9551,01/17/2014,08:04,8,4
01/17/2014 08:04,24,16.62,9405,01/17/2014,08:04,8,4
01/17/2014 08:07,14,7.49,2418,01/17/2014,08:07,8,7
01/17/2014 08:08,25,286.24,1415,01/17/2014,08:08,8,8
01/17/2014 08:09,24,9.3,8202,01/17/2014,08:09,8,9
01/17/2014 08:12,24,18.15,5407,01/17/2014,08:12,8,12
01/17/2014 08:12,10,6.39,2681,01/17/2014,08:12,8,12
01/17/2014 08:13,14,14.99,4434,01/17/2014,08:13,8,13
01/17/2014 08:15,24,3.09,3853,01/17/2014,08:15,8,15
01/17/2014 08:17,24,5.29,6901,01/17/2014,08:17,8,17
01/17/2014 08:19,24,14.58,8411,01/17/2014,08:19,8,19
01/17/2014 08:22,24,15.46,7819,01/17/2014,08:22,8,22
01/17/2014 08:23,24,51.04,1286,01/17/2014,08:23,8,23
01/17/2014 11:32,32,1753.17,9735,01/17/2014,11:32,11,32
01/17/2014 12:00,22,19.16,7117,01/17/2014,12:00,12,0
01/17/2014 12:00,9,19.67,1415,01/17/2014,12:00,12,0
01/17/2014 12:00,9,8.21,9635,01/17/2014,12:00,12,0
01/17/2014 12:00,23,8.16,7688,01/17/2014,12:00,12,0
01/17/2014 12:00,31,7.57,6899,01/17/2014,12:00,12,0
01/17/2014 12:00,23,88.69,2540,01/17/2014,12:00,12,0
01/17/2014 12:00,9,19.56,1877,01/17/2014,12:00,12,0
01/17/2014 12:00,23,6.0,8332,01/17/2014,12:00,12,0
01/17/2014 12:00,9,18.72,1321,01/17/2014,12:00,12,0
01/17/2014 12:00,9,5.77,6895,01/17/2014,12:00,12,0
01/17/2014 12:00,31,19.11,9241,01/17/2014,12:00,12,0
01/17/2014 13:11,19,68.78,8332,01/17/2014,13:11,13,11
01/17/2014 13:16,27,140.78,7253,01/17/2014,13:16,13,16
01/17/2014 13:16,33,38.21,2418,01/17/2014,13:16,13,16
01/17/2014 13:17,21,15.84,8156,01/17/2014,13:17,13,17
01/17/2014 13:18,15,8.64,7688,01/17/2014,13:18,13,18
01/17/2014 13:21,15,22.18,3484,01/17/2014,13:21,13,21
01/17/2014 13:27,33,14.57,4795,01/17/2014,13:27,13,27
01/17/2014 13:28,19,15.95,5010,01/17/2014,13:28,13,28
01/17/2014 13:31,33,15.77,6816,01/17/2014,13:31,13,31
01/17/2014 13:33,21,23.23,9635,01/17/2014,13:33,13,33
01/17/2014 13:37,27,105.32,2463,01/17/2014,13:37,13,37
01/17/2014 13:38,7,14.01,1415,01/17/2014,13:38,13,38
01/17/2014 13:38,15,39.14,3853,01/17/2014,13:38,13,38
01/17/2014 13:38,33,52.31,1286,01/17/2014,13:38,13,38
01/17/2014 13:38,27,39.43,5407,01/17/2014,13:38,13,38
01/17/2014 13:39,27,27.7,9405,01/17/2014,13:39,13,39
01/17/2014 13:40,21,37.3,1310,01/17/2014,13:40,13,40
01/17/2014 13:41,19,14.51,2142,01/17/2014,13:41,13,41
01/17/2014 13:42,11,21.01,3547,01/17/2014,13:42,13,42
01/17/2014 13:45,19,79.67,7354,01/17/2014,13:45,13,45
01/17/2014 13:47,21,18.1,2681,01/17/2014,13:47,13,47
01/17/2014 13:48,11,13.11,1321,01/17/2014,13:48,13,48
01/17/2014 13:49,20,114.22,9683,01/17/2014,13:49,13,49
01/17/2014 13:51,27,20.02,1874,01/17/2014,13:51,13,51
01/17/2014 13:51,21,34.59,7819,01/17/2014,13:51,13,51
01/17/2014 13:52,33,108.35,9617,01/17/2014,13:52,13,52
01/17/2014 13:53,27,24.21,8411,01/17/2014,13:53,13,53
01/17/2014 13:53,11,35.52,4434,01/17/2014,13:53,13,53
01/17/2014 13:54,20,159.62,2540,01/17/2014,13:54,13,54
01/17/2014 13:55,15,32.31,6901,01/17/2014,13:55,13,55
01/17/2014 13:57,21,21.62,3492,01/17/2014,13:57,13,57
01/17/2014 13:58,33,21.81,1877,01/17/2014,13:58,13,58
01/17/2014 13:58,27,27.73,7108,01/17/2014,13:58,13,58
01/17/2014 14:00,15,15.12,8202,01/17/2014,14:00,14,0
01/17/2014 14:05,15,21.1,7117,01/17/2014,14:05,14,5
01/17/2014 14:06,19,51.95,5368,01/17/2014,14:06,14,6
01/17/2014 14:15,11,70.72,4948,01/17/2014,14:15,14,15
01/17/2014 14:32,7,26.1,8129,01/17/2014,14:32,14,32
01/17/2014 19:24,11,22.18,3492,01/17/2014,19:24,19,24
01/17/2014 19:29,15,19.68,6816,01/17/2014,19:29,19,29
01/17/2014 19:40,33,19.76,7117,01/17/2014,19:40,19,40
01/17/2014 19:40,7,38.6,6899,01/17/2014,19:40,19,40
01/17/2014 19:44,8,1239.41,1321,01/17/2014,19:44,19,44
01/17/2014 19:46,15,16.83,6901,01/17/2014,19:46,19,46
01/17/2014 19:53,15,35.1,4795,01/17/2014,19:53,19,53
01/17/2014 19:57,11,34.93,8129,01/17/2014,19:57,19,57
01/17/2014 19:57,28,124.52,4948,01/17/2014,19:57,19,57
01/17/2014 20:03,33,8.92,2540,01/17/2014,20:03,20,3
01/17/2014 20:05,6,155.01,7384,01/17/2014,20:05,20,5
01/17/2014 20:07,11,21.22,1310,01/17/2014,20:07,20,7
01/17/2014 20:07,7,70.21,9241,01/17/2014,20:07,20,7
01/17/2014 20:16,15,37.55,3484,01/17/2014,20:16,20,16
01/17/2014 20:19,11,36.12,8202,01/17/2014,20:19,20,19
01/17/2014 20:20,11,19.09,7253,01/17/2014,20:20,20,20
01/17/2014 20:21,15,8.31,7819,01/17/2014,20:21,20,21
01/17/2014 20:21,6,289.33,1286,01/17/2014,20:21,20,21
01/17/2014 20:24,15,8.54,3853,01/17/2014,20:24,20,24
01/17/2014 20:24,11,72.13,7889,01/17/2014,20:24,20,24
01/17/2014 20:28,7,35.81,9551,01/17/2014,20:28,20,28
01/17/2014 20:35,7,26.4,2681,01/17/2014,20:35,20,35
01/17/2014 20:41,3,98.03,7108,01/17/2014,20:41,20,41
01/17/2014 20:41,28,260.08,7354,01/17/2014,20:41,20,41
01/17/2014 20:54,33,11.93,7688,01/17/2014,20:54,20,54
01/17/2014 20:58,11,38.21,2142,01/17/2014,20:58,20,58
01/17/2014 20:59,15,29.71,9683,01/17/2014,20:59,20,59
01/17/2014 21:05,11,33.73,5407,01/17/2014,21:05,21,5
01/17/2014 21:06,11,27.49,9405,01/17/2014,21:06,21,6
01/17/2014 21:07,15,55.4,4434,01/17/2014,21:07,21,7
01/17/2014 21:15,28,67.29,5368,01/17/2014,21:15,21,15
01/17/2014 21:29,33,38.19,2463,01/17/2014,21:29,21,29
01/17/2014 21:58,33,12.86,9635,01/17/2014,21:58,21,58
01/18/2014 12:03,20,600.0,5010,01/18/2014,12:03,12,3
01/18/2014 13:04,19,111.93,8156,01/18/2014,13:04,13,4
01/18/2014 13:05,19,25.59,2540,01/18/2014,13:05,13,5
01/18/2014 13:15,11,34.54,6691,01/18/2014,13:15,13,15
01/18/2014 13:18,7,33.57,6895,01/18/2014,13:18,13,18
01/18/2014 13:19,27,30.12,5368,01/18/2014,13:19,13,19
01/18/2014 13:21,33,100.11,1877,01/18/2014,13:21,13,21
01/18/2014 13:25,19,18.45,7253,01/18/2014,13:25,13,25
01/18/2014 13:27,15,55.21,7384,01/18/2014,13:27,13,27
01/18/2014 13:28,15,27.4,1874,01/18/2014,13:28,13,28
01/18/2014 13:28,27,38.91,2463,01/18/2014,13:28,13,28
01/18/2014 13:32,19,16.59,9551,01/18/2014,13:32,13,32
01/18/2014 13:34,11,19.3,3484,01/18/2014,13:34,13,34
01/18/2014 13:34,7,25.75,3547,01/18/2014,13:34,13,34
01/18/2014 13:58,27,24.14,1321,01/18/2014,13:58,13,58
01/18/2014 13:58,21,84.38,2681,01/18/2014,13:58,13,58
01/18/2014 14:00,11,37.26,8411,01/18/2014,14:00,14,0
01/18/2014 14:02,27,42.73,8202,01/18/2014,14:02,14,2
01/18/2014 14:03,11,96.36,7688,01/18/2014,14:03,14,3
01/18/2014 14:05,15,47.89,9617,01/18/2014,14:05,14,5
01/18/2014 14:06,11,24.14,7819,01/18/2014,14:06,14,6
01/18/2014 14:17,27,53.36,6901,01/18/2014,14:17,14,17
01/18/2014 14:51,12,55.55,1286,01/18/2014,14:51,14,51
01/18/2014 14:55,12,120.2,7384,01/18/2014,14:55,14,55
01/18/2014 15:20,8,35.66,6895,01/18/2014,15:20,15,20
01/18/2014 15:31,28,103.41,5368,01/18/2014,15:31,15,31
01/18/2014 15:31,3,477.6,3547,01/18/2014,15:31,15,31
01/18/2014 15:32,28,361.54,1874,01/18/2014,15:32,15,32
01/18/2014 15:40,6,258.33,8156,01/18/2014,15:40,15,40
01/18/2014 15:41,4,62.47,7253,01/18/2014,15:41,15,41
01/18/2014 15:51,28,103.55,1877,01/18/2014,15:51,15,51
01/18/2014 15:53,28,120.67,2463,01/18/2014,15:53,15,53
01/18/2014 15:57,8,189.52,6691,01/18/2014,15:57,15,57
01/18/2014 18:39,5,52.66,9635,01/18/2014,18:39,18,39
01/18/2014 18:51,28,234.53,5407,01/18/2014,18:51,18,51
01/18/2014 18:59,8,226.49,8156,01/18/2014,18:59,18,59
01/18/2014 19:08,15,39.68,3484,01/18/2014,19:08,19,8
01/18/2014 19:17,11,21.63,8129,01/18/2014,19:17,19,17
01/18/2014 19:20,4,266.69,9617,01/18/2014,19:20,19,20
01/18/2014 19:21,7,57.63,6899,01/18/2014,19:21,19,21
01/18/2014 19:21,33,21.34,1321,01/18/2014,19:21,19,21
01/18/2014 19:21,15,28.07,5368,01/18/2014,19:21,19,21
01/18/2014 19:26,7,61.56,9551,01/18/2014,19:26,19,26
01/18/2014 19:30,11,8.14,7889,01/18/2014,19:30,19,30
01/18/2014 19:31,11,22.74,1874,01/18/2014,19:31,19,31
01/18/2014 19:32,11,33.41,4434,01/18/2014,19:32,19,32
01/18/2014 19:35,33,27.21,6895,01/18/2014,19:35,19,35
01/18/2014 19:36,11,35.79,6691,01/18/2014,19:36,19,36
01/18/2014 19:36,19,21.29,4795,01/18/2014,19:36,19,36
01/18/2014 19:36,33,53.21,2463,01/18/2014,19:36,19,36
01/18/2014 19:39,27,71.14,9635,01/18/2014,19:39,19,39
01/18/2014 19:39,15,78.36,6816,01/18/2014,19:39,19,39
01/18/2014 19:42,33,63.21,8332,01/18/2014,19:42,19,42
01/18/2014 19:46,4,125.35,7688,01/18/2014,19:46,19,46
01/18/2014 19:46,11,11.19,8202,01/18/2014,19:46,19,46
01/18/2014 19:46,7,14.9,2681,01/18/2014,19:46,19,46
01/18/2014 19:47,11,16.48,4948,01/18/2014,19:47,19,47
01/18/2014 19:53,11,76.1,3547,01/18/2014,19:53,19,53
01/18/2014 19:54,11,33.63,1310,01/18/2014,19:54,19,54
01/18/2014 19:56,11,32.68,2418,01/18/2014,19:56,19,56
01/18/2014 20:01,33,49.21,1286,01/18/2014,20:01,20,1
01/18/2014 20:01,11,17.37,9405,01/18/2014,20:01,20,1
01/18/2014 20:04,11,45.88,8411,01/18/2014,20:04,20,4
01/18/2014 20:07,3,108.49,6901,01/18/2014,20:07,20,7
01/18/2014 20:09,11,19.31,7354,01/18/2014,20:09,20,9
01/18/2014 20:11,33,72.5,1415,01/18/2014,20:11,20,11
01/18/2014 20:13,11,9.72,3853,01/18/2014,20:13,20,13
01/18/2014 20:15,11,37.21,7819,01/18/2014,20:15,20,15
01/18/2014 20:23,33,29.21,1877,01/18/2014,20:23,20,23
01/18/2014 20:26,33,55.03,7117,01/18/2014,20:26,20,26
01/19/2014 03:13,25,87.66,3484,01/19/2014,03:13,3,13
01/19/2014 03:45,25,194.51,9551,01/19/2014,03:45,3,45
01/19/2014 03:48,25,150.36,8332,01/19/2014,03:48,3,48
01/19/2014 12:41,29,150.07,8156,01/19/2014,12:41,12,41
01/19/2014 12:57,29,145.72,7688,01/19/2014,12:57,12,57
01/19/2014 13:00,11,35.01,7354,01/19/2014,13:00,13,0
01/19/2014 13:09,21,22.36,6895,01/19/2014,13:09,13,9
01/19/2014 13:23,11,70.22,4795,01/19/2014,13:23,13,23
01/19/2014 13:26,12,26.91,9241,01/19/2014,13:26,13,26
01/19/2014 13:27,7,23.65,3484,01/19/2014,13:27,13,27
01/19/2014 13:33,33,64.37,2142,01/19/2014,13:33,13,33
01/19/2014 13:51,29,190.91,8332,01/19/2014,13:51,13,51
01/19/2014 13:53,11,26.76,4434,01/19/2014,13:53,13,53
01/19/2014 14:01,11,12.78,1310,01/19/2014,14:01,14,1
01/19/2014 14:08,7,45.32,7384,01/19/2014,14:08,14,8
01/19/2014 14:20,11,54.2,3492,01/19/2014,14:20,14,20
01/19/2014 14:20,19,47.8,6901,01/19/2014,14:20,14,20
01/19/2014 15:03,3,70.22,6895,01/19/2014,15:03,15,3
01/19/2014 15:15,29,110.02,2463,01/19/2014,15:15,15,15
01/19/2014 15:26,28,56.09,3484,01/19/2014,15:26,15,26
01/19/2014 15:39,8,274.66,2142,01/19/2014,15:39,15,39
01/19/2014 15:46,29,148.22,5010,01/19/2014,15:46,15,46
01/19/2014 15:53,28,209.76,4795,01/19/2014,15:53,15,53
01/19/2014 18:54,11,72.25,3547,01/19/2014,18:54,18,54
01/19/2014 19:43,33,101.25,9635,01/19/2014,19:43,19,43
01/19/2014 19:43,33,48.23,8332,01/19/2014,19:43,19,43
01/19/2014 19:44,33,88.27,1321,01/19/2014,19:44,19,44
01/19/2014 19:44,33,46.32,6895,01/19/2014,19:44,19,44
01/19/2014 19:45,15,65.21,7384,01/19/2014,19:45,19,45
01/19/2014 19:45,15,23.21,1286,01/19/2014,19:45,19,45
01/19/2014 19:45,15,58.35,3484,01/19/2014,19:45,19,45
01/19/2014 19:45,28,98.04,9405,01/19/2014,19:45,19,45
01/19/2014 19:45,15,25.79,5010,01/19/2014,19:45,19,45
01/19/2014 19:48,7,67.98,6899,01/19/2014,19:48,19,48
01/19/2014 19:49,7,32.77,9551,01/19/2014,19:49,19,49
01/19/2014 19:49,15,100.36,6816,01/19/2014,19:49,19,49
01/19/2014 19:53,11,34.03,7889,01/19/2014,19:53,19,53
01/19/2014 19:56,6,30.39,2142,01/19/2014,19:56,19,56
01/19/2014 19:56,33,63.17,2463,01/19/2014,19:56,19,56
01/19/2014 20:00,15,18.08,7354,01/19/2014,20:00,20,0
01/19/2014 20:02,8,254.29,2540,01/19/2014,20:02,20,2
01/19/2014 20:05,11,33.79,1874,01/19/2014,20:05,20,5
01/19/2014 20:14,15,36.87,7108,01/19/2014,20:14,20,14
01/19/2014 20:16,33,78.96,1415,01/19/2014,20:16,20,16
01/19/2014 20:16,15,37.48,9683,01/19/2014,20:16,20,16
01/19/2014 20:22,11,38.9,9617,01/19/2014,20:22,20,22
01/19/2014 20:25,15,20.94,3853,01/19/2014,20:25,20,25
01/19/2014 20:30,15,31.94,4434,01/19/2014,20:30,20,30
01/19/2014 20:51,15,39.6,6901,01/19/2014,20:51,20,51
